"row_id","row","quality_of_class","difficulty_of_class","class_code","college","prof_firstname","prof_lastname","comment","out_misrep","out_emo_lang","out_ideo_extrem","out_slip_slope","out_insult","out_mock_sarc","out_threat","pa_dress","pa_appear","pa_attit","pa_interact","pa_humor","pa_other","pb_sex","pb_lgbtq","pb_race","pb_origin","pb_nuero_div","pb_phys_able","pb_pol_affil","complex","constructive","reflective","total_toxicity","TOXICITY","SEVERE_TOXICITY","INSULT","TOXICITY2","coded_toxic"
51,20,3.5,1,"SOCI","UNIVERSITY OF NORTH CAROLINA","HOWARD","ALDRICH","ok. not a hard grader and a decent teacher, but kind of a flake. relies heavily on jargon, ideology and intellectual trends.",0,0,0,0,0.5,0,0,0,0,0.5,0,0,0,0,0,0,0,0,0,0,0,0,0,1,0.14082454,0.0016975403,0.07301756,0.1425220803,1
87,6,1,4,"PSYC438","UNIVERSITY OF NORTH CAROLINA","JENNIFER","ARNOLD","Class does not teach about language, it teaches about research. If I wanted to learn about research, I would have taken that class again. Lectures are super dry and she's completely unorganized, does class work out of order, and does not know how to communicate. -10/10 Do not recommend.",0,0,0,0,1,0.5,0,0,0,1,0,0,0,0,0,0,0,0,0,0,0,0,0,2.5,0.10826672,0.0017738342,0.033901088,0.1100405542,1
88,7,1,4,"PSYC438","UNIVERSITY OF NORTH CAROLINA","JENNIFER","ARNOLD","Horrible lecturer. Doesn't teach or answer questions well. Course content is painfully dry. She's disorganized, constantly contradicting herself, and has no idea how to use technology. Assignment instructions are vague and confusing. She's an overall atrocious communicator and is so out of touch with her students. DO NOT TAKE A CLASS WITH HER!!!!!!",0,1,0,0,1,0,0,0,0,1,0,0,0,0,0,0,0,0,0,0,0,0,0,3,0.52811706,0.023076924,0.5130944,0.551193984,1
89,8,1,4,"PSYC490","UNIVERSITY OF NORTH CAROLINA","JENNIFER","ARNOLD","She is so dumb!! Absolutely no help in class, unreachable, extremely rude, her presence infuriates everyone. Makes you question her phd's cause she is not good in her field. Super disorganized. UNC has some questionable profs in general, but she doesn't deserve to be one here. Class is easy-but theres a lot of effort. She wouldn't round at the end.",1,0.5,0,0,1,0,0,0,0,1,0,0,1,0,0,0,0,0,0,0,0,0,0,4.5,0.681338,0.023076924,0.71120167,0.704414924,1
91,10,2,5,"PSYCH438","UNIVERSITY OF NORTH CAROLINA","JENNIFER","ARNOLD","This class was a huge disappointment. Lots of readings and homework, rubrics, and criteria for assignments were incredibly vague. Also, she is a really tough grader for someone whose teaching skills are so average. Don't take this class.",0,0,0,0,0.5,0,0,0,0,0,0,0,0.5,0,0,0,0,0,0,0,0,0,0,1,0.18269104,0.0021648407,0.07998765,0.1848558807,1
93,12,2,4,"PSYC432","UNIVERSITY OF NORTH CAROLINA","JENNIFER","ARNOLD","Just don't. I wish I would have taken a different upper level Psychology class. She is a very tough grader, yet not a great lecturer. Easy to conflict with her personality/style. Uses a bell curve for grades.",0,0,0,0,1,0,0,0,0,1,0,0,0,0,0,0,0,0,0,0,0,0,0,2,0.054779384,0.0009536743,0.027605021,0.0557330583,1
97,16,3,2,"PSYC58H","UNIVERSITY OF NORTH CAROLINA","JENNIFER","ARNOLD","Dr. Arnold's PSYC 58 seminar is quite easy. A nice teacher but could be a boringbad lecturer.",0,0,0,0,0.5,0,0,0,0,0.5,0,0,0,0,0,0,0,0,0,0,0,0,0,1,0.15213956,0.001373291,0.0816321,0.153512851,1
153,1,1,4,"POLI288","UNIVERSITY OF NORTH CAROLINA","ANNA","BASSI","She uses a flipped teaching method which should've been my first red flag. IMO, flipped teaching is an excuse for lazy professors to not do their jobs and then when you come to them struggling, they can blame it on you for ""not doing the reading"". The topic is especially difficult, you're made to teach it to yourself, and she's rude. Save yourself.",1,0,0,0,1,0,0,0,0,1,0,0,0,0,0,0,0,0,0,0,0,0,0,3,0.32764325,0.0043678284,0.35161978,0.3320110784,1
196,6,5,2,"POLI203","UNIVERSITY OF NORTH CAROLINA","FRANK","BAUMGARTNER","Fbaum became a sort of cult legend in our class. He's funny, knowledgable, and structured. Some of the ideological bent did come through during the semester and little time is spent on victims or crimes, but the class was largely fascinating statistics and interesting anecdotes. A great way to get your US and SS credits. TAKE IT.",0,0,0,0,0,0,0,0,0,0,0,0,0,0,0,0,0,0,0,0.25,0,0,0,0.25,0.039226998,0.001335144,0.017549826,0.040562142,1
260,3,2,3,"SOCI252","UNIVERSITY OF NORTH CAROLINA","YONG","CAI","Stat was really hard and confusing. Nothing was that hard just confusing and weird. Prof Cai has a thick accent so if that is distracting for you I wouldn't recommend because lectures are so helpful in understanding the content. Midterm and final were hard.",0,0,0,0,0,0,0,0,0,0,0,0,0,0,0,0,0.25,0,0,0,0,0,0,0.25,0.04315203,0.0009870529,0.02173949,0.0441390829,1
274,17,1,1,"SOCI121","UNIVERSITY OF NORTH CAROLINA","YONG","CAI","He's not a very good lecturer, which, combined with his very heavy accent, made it nearly impossible to follow along with the lectures. He told us EXACTLY what would be on the midterm, and the final wasn't bad. Easy to get an A if you're willing to put the work in, but don't take it because you think it may be interesting. He's nice & fair though.",0,0,0,0,0,0,0,0,0,0,0,0,0,0,0,0,0.75,0,0,0,0,0,0,0.75,0.043646812,0.0008010864,0.0233509,0.0444478984,1
276,19,2,2,"SOCI252","UNIVERSITY OF NORTH CAROLINA","YONG","CAI","Professor Cai is really nice, but struggles with his English and explaining concepts. I got an A, but I felt confused 99% of the time.",0,0,0,0,0,0,0,0,0,0,0,0,0,0,0,0,0.25,0,0,0,0,0,0,0.25,0.027206551,0.0009536743,0.0140109155,0.0281602253,1
278,1,3,1,"SOCI101","UNIVERSITY OF NORTH CAROLINA","NEAL","CAREN","Extremely passive aggressive professor, but overall a very easy class. I took SOCI100 and it was rather interesting, but the way he lectured was terribly boring. On-time submission will typically lead to an 100% on the assignment, except the final and midterm were significantly more difficult. Staying on top of reading the textbook definitely helps",0,0,0,0,1,0,0,0,0,1,0,0,0,0,0,0,0,0,0,0,0,0,0,2,0.11378009,0.0016593933,0.06494803,0.1154394833,1
279,2,1,5,"SOCI101","UNIVERSITY OF NORTH CAROLINA","NEAL","CAREN","Overall one of the worst professors I have experienced at UNC Chapel Hill. His lectures covered trivial topics that had no relevance whatsoever to the test material. Furthermore I can confidently say I left his class with a lower IQ than I entered thanks to his abstract ""Sociological"" Theories. 10/10 would recommend he gets let go!",0.5,0,0,0,1,1,0,0,0,0,0,0,0.5,0,0,0,0,0,0,0,0,0,0,3,0.30319387,0.004749298,0.25404143,0.307943168,1
322,5,1,5,"PSYC-220","UNIVERSITY OF NORTH CAROLINA","DANIEL","CHRISTOFFEL","Dr. Christoffel was the worst professor I have had so far. It was clear he did not care about his students or teaching in general. He graded extremely harshly with little to no guidance or explanation. Take with someone else!!!",1,0,0,0,1,0,0,0,0,1,0,0,0,0,0,0,0,0,0,0,0,0,0,3,0.34757367,0.0061035156,0.3493834,0.3536771856,1
327,10,1,5,"PSYC-220","UNIVERSITY OF NORTH CAROLINA","DANIEL","CHRISTOFFEL","Dr. Christoffel's lectures were monotone and didn't really provide anything that you couldn't gain from the book. He tried to take attendance but his pollev's never worked, and while the quizzes were really easy the exams were very hard. We had to beg him to give us a rubric for papers, but at least he lets class out early. Take with someone else!",0,0,0,0,0.5,0,0,0,0,0.5,0,0,0,0,0,0,0,0,0,0,0,0,0,1,0.08083374,0.001077652,0.036104713,0.081911392,1
328,11,1,3,"PSYC-220","UNIVERSITY OF NORTH CAROLINA","DANIEL","CHRISTOFFEL","He can come off as condescending/rude. He lectures monotone the whole time, and he doesn't even try to keep students engaged. He grades papers harshly and doesn't give feedback. The questions on exams can seem random but aren't too bad if you study. You can get a good grade if you put in the effort, but I'd take this class with anyone else.",0,0,0,0,1,0,0,0,0,1,0,0,0,0,0,0,0,0,0,0,0,0.5,0,2,0.18174082,0.0023269653,0.10294484,0.1840677853,1
349,1,1,2,"POLI217","UNIVERSITY OF NORTH CAROLINA","PAMELA","CONOVER","Complete waste of time. Easy diversity credit for poli sci, but get ready to learn nothing. Even though the class is listed as a feminist class, no one is passionate about the material. Any alternative viewpoints are shut down, and if you just regurgitate her viewpoints to her you will get a good grade. The class is all online as well.",0,0,0,0,0.5,0,0,0,0,0,0,0,0,0,0,0,0,0,0,0,0,0,0,0.5,0.14256015,0.0019836426,0.04442204,0.1445437926,1
396,3,2.5,4,"PSYC210","UNIVERSITY OF NORTH CAROLINA","PATRICK","CURRAN","terrible class, lectures unclear and all he makes sure hes clear about is voicing his liberal opinions",1,0,0.5,0,0,0,0,0,0,0,0,0,0,0,0,0,0,0,0,0.75,0,0,0,2.25,0.23667802,0.0030326843,0.16802633,0.2397107043,1
401,1,1,5,"517","UNIVERSITY OF NORTH CAROLINA","STACEY","DAUGHTERS","Horrible and unfit professor. Her grading scale is 1-4. She doesn't grade when she says she will. She expects us to complete our tasks by the deadlines, but takes FOREVER to give our grades back. She would say one day and just not release grades by that day. At least send a class-wide email saying that you will be delayed in releasing grades.",0,0,0,0,1,0,0,0,0,0,0,0,0,0,0,0,0,0,0,0,0,0,0,1,0.34757367,0.007171631,0.36021477,0.354745301,1
404,4,2,5,"517","UNIVERSITY OF NORTH CAROLINA","STACEY","DAUGHTERS","No tests, but be prepared for long weekly forum posts, readings, random in-class assignments, and worksheets - all with unclear instructions and graded on a 4 point scale. She is hard to get a hold of, a harsh grader, not receptive to questions, and is judgmental/moody in a way that reflects in her communication with students (passive aggressive!)",0,0,0,0,0.5,0,0,0,0,0.5,0,0,0,0,0,0,0,0,0,0,0,0,0,1,0.06896287,0.0011491776,0.030816011,0.0701120476,1
423,1,2,4,"SOCI251","UNIVERSITY OF NORTH CAROLINA","BARBARA","ENTWISLE","Assignments were generally easy to complete and the material wasn't hard but the exams felt like you were set up to fail. There wasn't any one I spoke to who felt confident about the exams so no matter how much you study, its not going to work out. Also the group projects felt repetitive.",0.5,0,0,0,0,0,0,0,0,0,0,0,0,0,0,0,0,0,0,0,0,0,0,0.5,0.0201057,0.00081062317,0.010362893,0.02091632317,1
442,9,4,3,"PSYC220","UNIVERSITY OF NORTH CAROLINA","SYLVIA","FITTING","Dr. Fitting is a pretty good teacher though her English is a little off since she's from Germany. I learned a lot from this course and did great on the first exam but poorly on the last 2 b/c she said ""I made the tests more difficult so ppl would come to class."" You have to do 10 400 word papers for the semester which aren't bad at all.",0,0,0,0,0,0,0,0,0,0,0,0,0,0,0,0,0.25,0,0,0,0,0,0,0.25,0.02449606,0.0012207031,0.012072904,0.0257167631,1
445,3,1,4,"SOC122","UNIVERSITY OF NORTH CAROLINA","KATHLEEN","FITZGERALD","Insanely condescending and would criticize students who chose to participate. She grades super harshly on her assignments and has a weird grading scale. She is clearly well-educated in her field and wants to spread a positive message but would say slurs during some of her lectures. Way too hard for a level 100 class.",0,0,0,0,1,0,0,0,0,0.5,0.5,0,0,0,0,0,0,0,0,0,0,1,0,2,0.1693855,0.0023174286,0.082619295,0.1717029286,1
446,4,1,4,"SOC122","UNIVERSITY OF NORTH CAROLINA","KATHLEEN","FITZGERALD","Professor Fitzgerald ruined my second semester. Her lectures are insightful, but I hated everything else in her class. For a 100 level course, it is absolutely not worth it. DO NOT TAKE SOCI 122. Exams WILL be worth at least 70% of your final grade, and she does not curve. If you want your GPA ruined, I would highly recommend.",0,0,0,0,0,1,0,0,0,0,0,0,0,0,0,0,0,0,0,0,0,0,0,1,0.18269104,0.0035476685,0.06858205,0.1862387085,1
447,5,1,4,"SOC122","UNIVERSITY OF NORTH CAROLINA","KATHLEEN","FITZGERALD","She is genuinely the rudest professor that I have had throughout my academic career. She is snarky, non-accommodating, and disrespectful to her students. She is a very hard grader on the written material, and it's not worth getting help from the TAs. The only good thing is that she is knowledgeable, but it seems that she likes to see students fail",1,0,0,0,1,0,0,0,0,1,0,0,0,0,0,0,0,0,0,0,0,0,0,3,0.3969567,0.011749268,0.4196762,0.408705968,1
448,6,1,4,"SOC122","UNIVERSITY OF NORTH CAROLINA","KATHLEEN","FITZGERALD","Kathleen isn't that bad when it comes to the content of her course it's just her attitude as a teacher that is unnecessary and disrespectful. Don't even think about emailing her about anything related to the course. She would rather send a snarky comment through email than answer your question. Doesn't allow for discussion that differs from hers.",0,0,0,0,1,0,0,0,0,1,0.5,0,0,0,0,0,0,0,0,0,0,0,0,2.5,0.165053,0.0016307831,0.086852804,0.1666837831,1
449,7,4,3,"SOCI273","UNIVERSITY OF NORTH CAROLINA","KATHLEEN","FITZGERALD","Professor Fitzgerald is extremely knowledgeable, and I truly enjoyed taking her class. Students were required to complete a 30 hour learning placement, which is a hefty time commitment, but I thought this facet of the course was imperative to true application of the topic. Professor Fitzgerald was a bit foreboding at times, but also quite funny.",0,0,0,0,0.5,0,0,0,0,0.5,0,0,0,0,0,0,0,0,0,0,0,0,0,1,0.021667719,0.00069618225,0.01302291,0.02236390125,1
450,8,4,4,"SOC122","UNIVERSITY OF NORTH CAROLINA","KATHLEEN","FITZGERALD","Dr. Fitzgerald is an okay professor. She is very knowledgeable but can be passive-aggressive during lectures. Her lectures are boring but interesting at the same time. Her exams are a bit tough but she gives you a study guide, USE IT The study guide is very helpful. READ THE CHAPTERS. The chapters are very important. If you don't read you will fail",0,0,0,0,0.5,0,0,0,0,0.5,0,0,0,0,0,0,0,0,0,0,0,0,0,1,0.09112182,0.001821518,0.028171662,0.092943338,1
458,16,1,5,"SOC122","UNIVERSITY OF NORTH CAROLINA","KATHLEEN","FITZGERALD","Dr. Fitzgerald is incredibly rude and discouraging over email and in lectures. She is condescending toward students that choose to participate. She is incredibly inaccessible outside of class, and she and the TAs do not give good feedback on the few assignments that you turn in. Save yourself the trouble, and do not take this class.",0,0,0,0,1,0,0,0,0,1,0.5,0,0,0,0,0,0,0,0,0,0,0,0,2.5,0.32074678,0.0037384033,0.33896056,0.3244851833,1
459,17,1,4,"SOC122","UNIVERSITY OF NORTH CAROLINA","KATHLEEN","FITZGERALD","Dr. Fitzgerald has some interesting lectures set up, however the class itself is ruined by her attitude towards other students. I often felt discouraged from participating in lecture due to her remarks towards students who spoke.",0,0,0,0,1,0,0,0,0,1,0.5,0,0,0,0,0,0,0,0,0,0,0,0,2.5,0.051563308,0.00081539154,0.026315894,0.05237869954,1
461,19,1,4,"SOC122","UNIVERSITY OF NORTH CAROLINA","KATHLEEN","FITZGERALD","Lectures move slow, but are informative. Attendance is mandatory and the professor can be condescending at times.",0,0,0,0,1,0,0,0,0,1,0,0,0,0,0,0,0,0,0,0,0,0,0,2,0.026970858,0.00068187714,0.014314918,0.02765273514,1
472,5,1,5,"NSCI439","UNIVERSITY OF NORTH CAROLINA","MONICA","GAUDIER-DIAZ","Her class was much more difficult than it needed to be - it took an interesting topic and turned it into a painful/stressful topic. Her grading criteria is never clear. Her quizzes/exams are very hard and lecture notes only help with about 50% of the questions. She is not too receptive to feedback and makes you feel small.",0,0,0,0,1,0,0,0,0,0.5,0.5,0,0,0,0,0,0,0,0,0,0,0,0,2,0.045131154,0.0007247925,0.023995465,0.0458559465,1
477,10,2,3,"NSCI175","UNIVERSITY OF NORTH CAROLINA","MONICA","GAUDIER-DIAZ","spare your sanity and never take a summer class with her. prof was very disorganized, hard to get ahold of, and less than helpful. the work is not hard but the lecture videos don't cover pretty much anything on the exams. prof has been impossible to get in contact with when there is confusion--and there's a lot of it. would not recommend.",0.5,0,0,0,0,0,0,0,0,0,0,0,0,0,0,0,0,0,0,0,0,0,0,0.5,0.06579731,0.000910759,0.031036375,0.066708069,1
485,18,3,5,"NSCI175","UNIVERSITY OF NORTH CAROLINA","MONICA","GAUDIER-DIAZ","Dear God these readings will be the death of me. Literally dont do them, its a waste of time and wont leave u with enough time to actually STUDY for exams. Just take notes off the ppt. Monica is nice enough and she certainly knows her stuff. She also offers lots of office hours. The material is just dense",0,0,0,0,0,0.5,0,0,0,0,0,0,0,0,0,0,0,0,0,0,0,0,0,0.5,0.1991664,0.0059127808,0.03710241,0.2050791808,1
495,5,1,5,"PSYC504","UNIVERSITY OF NORTH CAROLINA","KAREN","GIL","She was probably the meanist teacher I've ever had. I had some one on one time with her and she was grunting loudly about how unhappy she was to help me. She made snarky comments to me. She was a tougher grader.",0,0,0,0,1,0,0,0,0,1,0.5,0,0,0,0,0,0,0,0,0,0,0,0,2.5,0.09308127,0.001783371,0.035443626,0.094864641,1
531,3,4,2,"NSCI225H","UNIVERSITY OF NORTH CAROLINA","PETER","GORDON","He's a good professor. Very monotonous during his lectures. Never paid attention in class and got an A. As long as you do the readings and the participation assignments, you'll be fine. He's funny but the online format made it harder to wanna pay attention.",0,0,0,0,1,0,0,0,0,1,0,0,0,0,0,0,0,0,0,0,0,0,0,2,0.022610499,0.0006055832,0.013250912,0.0232160822,1
563,3,2,4,"SOCI277","UNIVERSITY OF NORTH CAROLINA","GUANG","GUO","He is very kind. The exams are take home and he curves but I can not express how difficult they are and they are very poorly worded. Hardest take home exam of all time!
 
  
 
  His accent is thick so its hard to understand his lectures 75% of the time but he is patient and respectful and professional. The material is interesting. DO NOT BUY THE BOOKS!",0,0,0,0,0,0,0,0,0,0,0,0,0,0,0,0,0.75,0,0,0,0,0,0,0.75,0.12260055,0.0049209595,0.03070583,0.1275215095,1
565,5,1,3,"SOCI277","UNIVERSITY OF NORTH CAROLINA","GUANG","GUO","Most manipulative, disrespectful professor at this school. The class was fairly easy and exams were curved, however even if you attend class every single day and participate generously, the entire class will get a C for participation and no, he will not tell you why. And he will be belligerent and condescending when you ask! Seriously avoid him.",0,0,0,0,1,0,0,0,0,0.5,0.5,0,0,0,0,0,0,0,0,0,0,0,0,2,0.37694603,0.0073623657,0.40243408,0.3843083957,1
574,14,1,3,"SOCI111","UNIVERSITY OF NORTH CAROLINA","GUANG","GUO","If you asked me what this class was about I couldn't tell you. The second half of this class was reading random articles (half of them were his own). The class was a joke, we all just did nothing because he couldn't teach us anything. And the tests are on random facts that he said during class that a lot of the times had nothing to do with class.",0.5,0,0,0,1,0,0,0,0,0,0,0,0,0,0,0,0,0,0,0,0,0,0,1.5,0.10522962,0.001964569,0.03768798,0.107194189,1
586,8,2,3,"SOCI422","UNIVERSITY OF NORTH CAROLINA","TAYLOR","HARGROVE","Exams aren't hard if you go to class. Readings are outdated and dull. Lectures are boring and she calls on people if she doesn't get enough participation which is annoying. Little to no feedback on any of the assignments except for the midterm. For a class about mental health she didn't really seem to care about ours",0.5,0,0,0,0,0,0,0,0,0,0,0,0,0,0,0,0,0,0,0,0,0,0,0.5,0.22177623,0.0029563904,0.15982662,0.2247326204,1
592,14,1,3,"SOCI422","UNIVERSITY OF NORTH CAROLINA","TAYLOR","HARGROVE","made what should have been such an interesting class so awful and boring. did not care about students learning the material or valuing their additions to discussion. no feedback on any assignments throughout the semester besides ""met the requirements."" tough grader without much feedback or leeway",1,0,0,0,0,0,0,0,0,0,0,0,0,0,0,0,0,0,0,0,0,0,0,1,0.23379272,0.0029182434,0.16195811,0.2367109634,1
593,15,1,4,"SOCI422","UNIVERSITY OF NORTH CAROLINA","TAYLOR","HARGROVE","I felt that Dr. Hargrove didn't really care about her students, whether or not they learned the material, or teaching the course. She was really unfriendly and lectured right off the slides despite assigning tons of reading. This class should have been really interesting, but she made it incredibly boring.",0.5,0,0,0,1,0,0,0,0,1,0,0,0,0,0,0,0,0,0,0,0,0,0,2.5,0.18649188,0.0016403198,0.12883772,0.1881321998,1
620,5,3,4,"POLI435","UNIVERSITY OF NORTH CAROLINA","JONATHAN","HARTLYN","BEWARE: Don't take this online. Quizzes, assignments assigned mid-week due 5pm Friday (sometimes in groups), group work (powerpoint), news reports. Hard exams (so much material is covered), lots of readings. Prof gave little accommodation; I suspect essay ext. was because of huge demand. Wait out COVID-19; you'll learn more, hate this class less.",0,0.5,0,0,0,0,0,0,0,0,0,0,0,0,0,0,0,0,0,0,0,0,0,0.5,0.11316007,0.0022411346,0.039737478,0.1154012046,1
655,11,3,3,"POLI239","UNIVERSITY OF NORTH CAROLINA","LIESBET","HOOGHE","Dull lectures with a monotone voice. Does not know how to use a microphone. Tests are not that bad, but everything is graded by your T.A. If you have a tough T.A. you're screwed.",0,0,0,0,1,0,0,0,0,1,0,0,0,0,0,0,0,0,0,0,0,0,0,2,0.5779532,0.023599008,0.5393265,0.601552208,1
661,3,1,3,"PSYC230","UNIVERSITY OF NORTH CAROLINA","JOSEPH","HOPFINGER","Exams are a bit tough, professor is not lenient or funny.",0,0,0,0,1,0,0,0,0,0,0,1,0,0,0,0,0,0,0,0,0,0,0,2,0.059727192,0.0010061264,0.027730936,0.0607333184,1
671,13,2,4,"PSYC89","UNIVERSITY OF NORTH CAROLINA","JOSEPH","HOPFINGER","I took his first year seminar class thinking it was going to be extremely interesting. Wrong. The FYS on Brain Plasticity was basically a book club. There are 2 required books that you have to purchase and read. You have to write a 3 big ideas and 1 thought ""paper"" on essentially every chapter in the books. There are also long scientific ""articles""",0,0,0,0,0,1,0,0,0,0,0,0,0,0,0,0,0,0,0,0,0,0,0,1,0.022374803,0.00086307526,0.011654901,0.02323787826,1
692,17,1.5,5,"POLI86","UNIVERSITY OF NORTH CAROLINA","EVELYNE","HUBER","I can't remember the exact number of this class since courses changed, but it was Latin American Politics. She is the worse teacher probably in the Poli Sci Dept. She's a complete communist... Everything wrong in Latin America is the CIA's fault according to her- no detail into economics of the turmoilous political climate. Hard and worthless!",0,0,0.5,0,1,0,0,0,0,0,0,0,0,0,0,0,0,0,0,1,0,0,0,2.5,0.44002727,0.013543231,0.48228607,0.453570501,1
694,19,2,4,"POLI56","UNIVERSITY OF NORTH CAROLINA","EVELYNE","HUBER","So incredibly boring, does little to engage the class, I fall asleep almost every time",0,0,0,0,1,0,0,0,0,1,0,0,0,0,0,0,0,0,0,0,0,0,0,2,0.17545098,0.004310608,0.046178754,0.179761588,1
712,17,5,1,"SOC172","UNIVERSITY OF NORTH CAROLINA","ROBERT","HUMMER","Hummer is very nice but can be boring at times as he is passionate and likes to ramble. Graded by 4 test but if u read his book and look over the slides/study guides he gives you then you will be fine.",0,0,0,0,0.5,0,0,0,0,0.5,0,0,0,0,0,0,0,0,0,0,0,0,0,1,0.038048524,0.001039505,0.018967867,0.039088029,1
715,20,4,1,"SOCI172","UNIVERSITY OF NORTH CAROLINA","ROBERT","HUMMER","Graded on 3 midterms and the final, each 25% of the grade and 50 MC questions. Lectures reflected the reading and were only boring because he has a very monotonous voice. If you read his book as assigned (not hard) and go to lectures, you should do fine in this course. Definitely sparked my interest in SOCI, and now I'm minoring in health&society!",0,0,0,0,1,0,0,0,0,1,0,0,0,0,0,0,0,0,0,0,0,0,0,2,0.023317585,0.00069618225,0.013478912,0.02401376725,1
725,7,2,4,"POLI252","UNIVERSITY OF NORTH CAROLINA","ROBERT","JENKINS","Basically reads from the textbook the entire class. Takes attendance every day. Words questions for quizzes and tests poorly. Confusing with directions. Boring but nice (but he has to be right)",0,0,0,0,0.5,0,0,0,0,0.5,0,0,0,0,0,0,0,0,0,0,0,0,0,1,0.049089402,0.0011205673,0.025026767,0.0502099693,1
726,8,2,3,"POLI252","UNIVERSITY OF NORTH CAROLINA","ROBERT","JENKINS","Professor Jenkins is a really nice guy. It's not impossible to get a good grade, its just the most boring and draining class I have ever taken at UNC. He lectures at monotone for the entire period and reads off of a word document. The class is not about thinking critically about international organizations its about memorizing basic facts & dates.",0,0,0,0,1,0,0,0,0,1,0,0,0,0,0,0,0,0,0,0,0,0,0,2,0.08795626,0.0010681152,0.036104713,0.0890243752,1
729,11,3,4,"POLI260","UNIVERSITY OF NORTH CAROLINA","ROBERT","JENKINS","Overall a nice guy but very judgemental if you don't immediately understand the material. Does not give off nice vibes. Very uppity. He likes to assert his knowledge on a topic even when its not needed.",0,0,0,0,1,0,0,0,0,1,0,0,0,0,0,0,0,0,0,0,0,0,0,2,0.103928015,0.0012969971,0.05086332,0.1052250121,1
797,11,3,2,"PSYC180","UNIVERSITY OF NORTH CAROLINA","ROSA","LI","Not many assignments. Pretty easy class, but she's oddly uptight about it. I also noticed she slipped up a few times content-wise, but never corrected herself. And the exams aren't difficult, but they're harder than you'd expect. That said, they're open book and open internet, so even if you don't know something, you can probably find it.",0,0,0,0,0.5,0,0,0,0,0.5,0,0,0,0,0,0,0,0,0,0,0,0,0,1,0.02543884,0.0009727478,0.013212911,0.0264115878,1
811,5,4,3,"101","UNIVERSITY OF NORTH CAROLINA","JEANNIE","LOEB","Dr. Loeb is very nice and generous with grades. Her funny anecdotes seem initially engaging, but eventually became corny and irrelevant. Exams weren't a great indicator of core content mastery, more regurgitation of niche class examples. Class is run by TAs, which can lead to confusion. Overall, a decent experience with a few hiccups along the way.",0,0,0,0,0.5,0,0,0,0,0,0,0.5,0,0,0,0,0,0,0,0,0,0,0,1,0.031684756,0.0008392334,0.017163089,0.0325239894,1
844,5,5,2,"POLI434","UNIVERSITY OF NORTH CAROLINA","CECILIA","MARTINEZ-GALLARDO","The absolute cutest. I love this woman. She's so caring, kind, and involved. Really stresses mental health and learning to learn, very flexible. Totally recommend her Poli 238 (latin america) or Poli 434 (mexico)!",0,0,0,0,0,0,0,0,0,0,0,0,0,0.25,0,0,0,0,0,0,0,0,0,0.25,0.026028076,0.0016593933,0.011844902,0.0276874693,1
859,20,3,3,"POLI238","UNIVERSITY OF NORTH CAROLINA","CECILIA","MARTINEZ-GALLARDO","I cannot stress how there are only four grades in the entire class. You cannot do bad on one assignment if you want to do well in the class. The subject matter is very interesting but CMG seems very out-of-it in class. She gets off topic quickly and very often. Lectures were long and often boring. Don't take unless needed for your major.",0,0,0,0,0.5,0,0,0,0,0.5,0,0,0,0,0,0,0,0,0,0,0,0,0,1,0.025674535,0.00072956085,0.013934915,0.02640409585,1
880,8,1,5,"POLI79","UNIVERSITY OF NORTH CAROLINA","KEVIN","MCGUIRE","Confusing. Last minute assignment changes, poor feedback, lack of clarity in class, assignment,mark and comments. RUDE.",0,0,0,0,1,0,0,0,0,1,0,0,0,0,0,0,0,0,0,0,0,0.5,0,2,0.26104406,0.002861023,0.24493282,0.263905083,1
893,1,2,4,"PLCY340H","UNIVERSITY OF NORTH CAROLINA","BENJAMIN","MEIER","I wanted to love this class. Unreasonable readings. PPTs (not posted) have more flair than substance. The random musical outbursts were endearing until they quickly weren't. He lectures in this dramatic, rehearsed voice and at times it seems like he's more interested in putting on a performance than making sure students understand the content.",0,0,0,0,1,0,0,0,0,1,0,0.5,0,0,0,0,0,0,0,0,0,0,0,2.5,0.025203144,0.00081539154,0.013402912,0.02601853554,1
910,18,1,3,"PLCY340H","UNIVERSITY OF NORTH CAROLINA","BENJAMIN","MEIER","Meier might not directly lecture opinion but he makes it very clear which side he thinks is right and chooses to only present certain information on a topic. Theres nothing wrong with professors being liberal, but there is something wrong with being unable to disagree with them",0,0,0,0,0,0,0,0,0,0,0,0,0,0,0,0,0,0,0,0.75,0,0,0,0.75,0.035220183,0.00069618225,0.018258847,0.03591636525,1
911,19,5,3,"PLCY340H","UNIVERSITY OF NORTH CAROLINA","BENJAMIN","MEIER","One of my favorite professors I've had at UNC, Meier truly cares about his students and it's very clear that he is teaching in order to help create a better future. He is inspiring and has incredible experience and wisdom in human rights. Lectures are o entertaining and musical. While you can tell he is left leaning, he doesn't lecture opinion",0,0,0,0,0,0,0,0,0,0,0,0,0,0,0,0,0,0,0,0.25,0,0,0,0.25,0.029563503,0.0008535385,0.015872927,0.0304170415,1
935,3,4,3,"PSYC230","UNIVERSITY OF NORTH CAROLINA","NEIL","MULLIGAN","I took PSYC 430! Nice guy, but dry lectures. Don't take if you aren't into classes where you have to take notes the whole time. The material we learned was interesting, so it wasn't that awful! I never opened my text book once, but did have to read articles in order to answer HW. Everything on exam was covered in class! Easy grader if you tried.",0,0,0,0,0.5,0,0,0,0,0.5,0,0,0,0,0,0,0,0,0,0,0,0,0,1,0.04315203,0.0010585785,0.019547975,0.0442106085,1
938,6,1,4,"PSYC230","UNIVERSITY OF NORTH CAROLINA","NEIL","MULLIGAN","Literally worst class I have ever taken here at UNC. The lectures are ridiculously boring and he talks about smaller aspects of the course material for way too long. He's not engaging and talks for the entire 75 mins of class without asking any questions or allowing us to discuss. The tests ask questions that are so specific and not important.",0,0,0,0,0.5,0,0,0,0,0.5,0,0,0,0,0,0,0,0,0,0,0,0,0,1,0.3722269,0.0076675415,0.36798462,0.3798944415,1
939,7,1,4,"PSYC230","UNIVERSITY OF NORTH CAROLINA","NEIL","MULLIGAN","There were 3 tests and one of them was scheduled right after a spring break!!!!???!??!??! The final is cumulative and all tests together are worth 80% of your overall grade so there is absolutely NO ROOM for error. Very boring lectures, so sitting for 75 minutes without getting distracted was sometimes impossible. Avoid Dr Mulligan at all costs!!!",0,0.5,0,0,0,0,0,0,0,0,0,0,0,0,0,0,0,0,0,0,0,0,0,0.5,0.10175867,0.001411438,0.043250903,0.103170108,1
963,6,2,3,"ECON384","UNIVERSITY OF NORTH CAROLINA","ALEXANDRA","OPREA","Boring and unhelpful lectures, but pretty easy class. When she explains things, she tries to use as unnecessary and complicated a vernacular as possible. The readings are actually easier to comprehend without her explaining them, and I just kept my AirPods in every class and managed to get an A by doing all the learning myself. Shes nice tho!",0.5,0,0,0,0,0,0,0,0,0,0,0,0,0,0,0,0,0,0,0,0,0,0,0.5,0.06421452,0.0011444092,0.029714199,0.0653589292,1
969,1,4.5,3,"PSYC053","UNIVERSITY OF NORTH CAROLINA","ABIGAIL","PANTER","Dr. P is great. She is completely bonkers, but so kind and sweet. She really cares about her students and makes you want to do your best. The class itself was very interesting and didn't have too much work associated with it. I would highly recommend her!",0,0,0,0,0.5,0,0,0,0,0.5,0,0,0,0,0,0,0,0,0,0,0,0,0,1,0.09611836,0.0026512146,0.034672357,0.0987695746,1
1004,2,1,2,"PSYC190","UNIVERSITY OF NORTH CAROLINA","KEITH","PAYNE","Dr. P is another hypocritical hater of white Americans. He believes white Americans are too blame for all the misfortunes of minorities. Dr. Payne, if really believe this, you need to give up your position as professor for a minority who did not have the same opportunities as you. If you want to be propagandized by a Communist take this class.",1,0,1,0,1,1,0,0,0,0,0,0,0,0,0,0.5,0,0,0,1,0,0,0,5.5,0.55739564,0.021806452,0.5678696,0.579202092,1
1013,7,1,2,"SOCI130","UNIVERSITY OF NORTH CAROLINA","LISA","PEARCE","The course material is very interesting but the most boring professor I've ever had. She usually doesn't talk about anything of relevance to the course but uses confusing graphs the entire lecture. I learned more from reading the book and teaching myself the content.",0,0,0,0,1,0,0,0,0,1,0,0,0,0,0,0,0,0,0,0,0,0,0,2,0.23415339,0.0025558472,0.15982662,0.2367092372,1
1016,10,1,4,"SOCI429","UNIVERSITY OF NORTH CAROLINA","LISA","PEARCE","She was unprepared, failed to tie material together, makes students work harder than we learn or get back from the class, arbitrary and unnecessarily tough grader. Worst class I have taken. Frustrating and felt like a waste of time",0.5,0,0,0,0.5,0,0,0,0,0,0,0,0,0,0,0,0,0,0,0,0,0,0,1,0.28548008,0.00415802,0.2469859,0.2896381,1
1017,11,4,2,"SOCI251","UNIVERSITY OF NORTH CAROLINA","LISA","PEARCE","She is very dry. Her lectures go so slowly, but her class is easy. She is passionate about research and very nice.",0,0,0,0,0.5,0,0,0,0,0.5,0,0,0,0,0,0,0,0,0,0,0,0,0,1,0.037105743,0.0016307831,0.017420914,0.0387365261,1
1040,2,1,5,"NSCI221","UNIVERSITY OF NORTH CAROLINA","RACHEL","PENTON","She never gets to course content in class. So much time is spent doing irrelevant group work. The readings are dense and she does not go over them so you have to teach yourself everything in order to know whats going on. The exams are hard and do not reflect class material at all. She does not value students time.",1,0,0,0,0,0,0,0,0,0,0,0,0,0,0,0,0,0,0,0,0.5,0.5,0,1,0.08004235,0.0009870529,0.031917825,0.0810294029,1
1044,6,1,3,"NSCI221","UNIVERSITY OF NORTH CAROLINA","RACHEL","PENTON","Even if the class was hard, I've had pretty good experiences with other STEM professors at UNC. But with Dr. Penton, she is extremely disorganized and has a ""my way or the highway"" mindset when working in groups. I feel like I have not learned anything in the class and she is not very considerate toward her students.",0,0,0,0,0.5,0,0,0,0,0.5,0,0,0,0,0,0,0,0,0,0,0,0,0,1,0.06579731,0.000910759,0.03412145,0.066708069,1
1048,10,2,4,"NSCI221","UNIVERSITY OF NORTH CAROLINA","RACHEL","PENTON","I was very disappointed with this class. Dr. Penton would never finish any of her slides in class even though they were extremely rushed through. She also wasn't the nicest to her students. I thought the CREATE Method was a huge waste of time because of how much of the material we didn't get to learn in class. Overall just would not recommend her!",0,0,0,0,1,0,0,0,0,1,0,0,0,0,0,0,0,0,0,0,0,0,0,2,0.11119666,0.001373291,0.053791173,0.112569951,1
1073,1,4,3,"SOCI427","UNIVERSITY OF NORTH CAROLINA","ALEXANDREA","RAVENELLE","She tries really hard to be engaging & is funny most of the time (some jokes just don't land). The group project is annoying, but if your group is on top of it a good grade is doable. The TA grades just about everything so as long as you have a good TA it's fine. There are small responses due at the beginning of each class based on the reading.",0,0,0,0,0,0,0,0,0,0,0,0.5,0,0,0,0,0,0,0,0,0,0,0,0.5,0.027206551,0.00081062317,0.0151129225,0.02801717417,1
1079,7,2,2,"SOCI101","UNIVERSITY OF NORTH CAROLINA","ALEXANDREA","RAVENELLE","She was ok. Her lectures could be hard to sit through. She tries to be funny/snarky, and it often doesn't really work out. Pretty easy class, though. I wouldn't say I recommend her, but I also didn't absolutely hate her.",0,0,0,0,0.5,0,0,0,0,0,0,0.5,0,0,0,0,0,0,0,0,0,0,0,1,0.045873325,0.0015735626,0.01890341,0.0474468876,1
1081,9,1,5,"SOCI320","UNIVERSITY OF NORTH CAROLINA","ALEXANDREA","RAVENELLE","On top of her unbearable lectures, Ravenelle had a terrible attitude towards her students and gave poor instructions for assignments. Grades were seemingly determined by her TA flipping a coin and were inconsistent across students and assignments. Rubrics were poor, and she had a group project as the final and the highest grade was an 80 lol.",0.5,0.5,0,0,1,0,0,0,0,1,0,0,0,0,0,0,0,0,0,0,0,0,0,3,0.18269104,0.0023555756,0.100019015,0.1850466156,1
1082,10,1,3,"SOCI427","UNIVERSITY OF NORTH CAROLINA","ALEXANDREA","RAVENELLE","Tries very hard to be funny but isn't. A lot of the lessons I learned from this class (which mainly came from the readings and videos she made us watch, not necessarily her lectures) I also learned in MNGT 131. What I couldn't stand is she would read emails but not reply. She would condescendingly tell u she read ur email. Very wishy washy.",0,0,0,0,1,0,0,0,0,0,1,1,0,0,0,0,0,0,0,0,0,0,0,3,0.07450261,0.0012588501,0.03070583,0.0757614601,1
1083,11,1,3,"SOCI427","UNIVERSITY OF NORTH CAROLINA","ALEXANDREA","RAVENELLE","She's a smart lady, but very condescending and not considerate towards students. She gives no rubric or clear instructions on anything and grades very hard. I would avoid this class unless you need it for your major. Super lecture heavy as well, and very boring.",0,0,0,0,1,0,0,0,0,1,0,0,0,0,0,0,0,0,0,0,0,0,0,2,0.1893425,0.0027656555,0.10294484,0.1921081555,1
1090,1,5,3,"NSCI490","UNIVERSITY OF NORTH CAROLINA","KATHRYN","REISSNER","She really enjoys what she's teaching! Very approachable. 
 
  She was quite accommodating and seemed like she cared about how we were doing. 
 
  However, she takes forever to give back grades. 
 
  Tests were not bad. Doesn't give a rubric for papers, kinda vague.",0.5,0,0,0,0,0,0,0,0,0,0,0,0,0,0,0,0,0,0,0,0,0,0,0.5,0.113263406,0.0045776367,0.030375287,0.1178410427,1
1129,3,2,1,"POLI100","UNIVERSITY OF NORTH CAROLINA","JASON","ROBERTS","Class is incredibly easy if you review the lecture slides and skim the textbook. The biggest issue would be the professor. Dr. Roberts, at times, had this aura of ""I'm better than you"" during his lectures. He would also use most of the class to just answer questions, without getting to the content. Overall, take it if you need an easy A.",0,0,0,0,1,0,0,0,0,1,0,0,0,0,0,0,0,0,0,0,0,0,0,2,0.026263772,0.00061511993,0.014960921,0.02687889193,1
1148,2,3,5,"POLI281","UNIVERSITY OF NORTH CAROLINA","TIMOTHY","RYAN","Grading is a complete mystery done by a TA with minimal explanation. At first, the lectures walk you through coding but then you get nothing but definitions. The assignments and final were insanely difficult and he kept falling behind schedule. This meant we had greatly reduced time for the final and it was graded harshly compared to the rubric.",0.5,0,0,0,0,0,0,0,0,0,0,0,0,0,0,0,0,0,0,0,0.5,0.5,0,0.5,0.031684756,0.0009012222,0.017088935,0.0325859782,1
1166,20,3.5,3,"POLI100","UNIVERSITY OF NORTH CAROLINA","TIMOTHY","RYAN","He's a nice guy, fair grader, wants the best for you. Really into the blogs which is the better alternative than the NYT thing with Conover. He doesn't get visibly annoyed, although you can tell he's not happy when half the class doesn't show. (Attendance wasn't necessarily mandatory) You get what you put into the class. Take notes.",0,0,0,0,0.5,0,0,0,0,0.5,0,0,0,0,0,0,0,0,0,0,0,0,0,1,0.09351514,0.0021362305,0.033239998,0.0956513705,1
1185,19,5,1,"PSYC89","UNIVERSITY OF NORTH CAROLINA","VIJI","SATHY","Kinda a joke. Had to get laser cutter certified, work in groups to build math ""tools"". Did it for the QR gen ed. Easiest FYS on earth. Dr. Sathy is an angel and honestly treated us like 10 year olds, feel like she really enjoyed being with freshman.",0,0,0,0,0.5,0,0,0,0,0,0,0,0,0,0,0,0,0,0,0,0,0,0,0.5,0.06263174,0.001964569,0.025542418,0.064596309,1
1190,4,3,4,"POLI432","UNIVERSITY OF NORTH CAROLINA","DONALD","SEARING","Searing assigns a lot of readings. You are only graded on participation, midterm, a paper, and final. He is a pretty tough grader + he doesnt post them on Sakai so you are basically clueless about your grade. He is monotonous + no visual aids so it is impossible to focus on his lectures. Please just take notes on your readings for exams!!",0,0,0,0,1,0,0,0,0,1,0,0,0,0,0,0,0,0,0,0,0,0,0,2,0.09308127,0.0016975403,0.033239998,0.0947788103,1
1191,5,3,4,"POLI215","UNIVERSITY OF NORTH CAROLINA","DONALD","SEARING","Searing assigns a lot of readings. You are only graded on participation, midterm, and final. He is a pretty tough grader and he doesnt post them on Sakai so you are basically clueless about your grade. He is monotonous and has no visual aids so it is impossible to focus on his lectures. Please just take notes on your readings!!",0,0,0,0,0.5,0,0,0,0,0.5,0,0,0,0,0,0,0,0,0,0,0,0,0,1,0.112746716,0.00207901,0.057890166,0.114825726,1
1193,7,2,3,"POLI432","UNIVERSITY OF NORTH CAROLINA","DONALD","SEARING","Searing is an incredibly monotonous lecturer, loves being the devils advocate despite coming off as bigoted/immoral, and is not clear on grading criteria at all. The topic of his class is pretty straight forward, but there is so much reading involved and he is incredibly picky about specifying definition. Take something else if u can - it sucked.",0,0,0,0,1,0,0,0,0,1,0,0,0,0,0,0,0,0,0,0,0,0,0,2,0.52007306,0.023076924,0.5130944,0.543149984,1
1204,5,1,5,"POLI272","UNIVERSITY OF NORTH CAROLINA","JEFF","SPINNER-HALEV","Just do yourself a favor and run. If you don't have to take his class just don't. He made me rethink my entire major. The class is unnecessarily hard, hard to understand, messy powerpoints and its incredibly hard to follow along. TAs also have very rough and not cohesive grading scales and will explain things to you differently than SH.",0,0.5,0,0,0,0,0,0,0,0,0,0,0,0,0,0,0,0,0,0,0,0,0,0.5,0.051563308,0.0016498566,0.021610579,0.0532131646,1
1209,10,1,4,"POLI272","UNIVERSITY OF NORTH CAROLINA","JEFF","SPINNER-HALEV","Jeff is the worst professor I have taken as a senior at UNC. Disorganized, uninteresting lectures. Insane amount of reading for a 200 level class. Exams are multiple choice (in a philo class?) and confusing. Does not seem to care about his students at all. TAs grading papers is always iffy but there were no clear guidelines in this class.",0.5,0,0,0,0,0,0,0,0,0,0,0,0,0,0,0,0,0,0,0,0,0,0,0.5,0.3389984,0.0046920776,0.36537176,0.3436904776,1
1217,18,2,5,"POLI272","UNIVERSITY OF NORTH CAROLINA","JEFF","SPINNER-HALEV","The content is interesting and Spinner is a good professor but his grading doesn't make any sense. It feels like TAs just give random grades with little feedback. And the exam questions are meant to trick you. You have to be in class. You don't get out what you put in.",0.5,0,0,0,0,0,0,0,0,0,0,0,0,0,0,0,0,0,0,0,0,0,0,0.5,0.043646812,0.0010919571,0.019419061,0.0447387691,1
1218,19,1,3,"POLI272","UNIVERSITY OF NORTH CAROLINA","JEFF","SPINNER-HALEV","His lectures are mostly just repeating what the readings said. He values a traditional classroom experience over accessibility and the health of the students. The exams were multiple choice (in a philosophy class?), and they're made to trick you. The first two just expected you to memorize the readings. Don't take this class.",0.5,0,0,0,0,0,0,0,0,0,0,0,0,0,0,0,0,0,0,0,0,0,0,0.5,0.049089402,0.000834465,0.022577424,0.049923867,1
1219,20,2,5,"POLI272","UNIVERSITY OF NORTH CAROLINA","JEFF","SPINNER-HALEV","No grading criteria. Everything was vague and exam questions were made to confuse you. We had so much reading a week and all of it was contradictory. The lectures were boring and also did nothing to help clarify readings. Grades were very subjective and overall the course was stressful. If you are a poli sci major taking this for credit... AVOID!!!",0.5,0,0,0,0,0,0,0,0,0,0,0,0,0,0,0,0,0,0,0,0,0.5,0,0.5,0.06500591,0.001039505,0.029604018,0.066045415,1
1220,1,3,3,"POLI239","UNIVERSITY OF NORTH CAROLINA","NIKLAUS","STEINER","I didn't appreciate how the professor would often ignore comments he didn't agree with, which hindered productive discussion. Furthermore, he often played the devil's advocate and came across as bigoted and ignorant when it came to systemic issues. While he was alright, he wasn't really my cup of tea.",0,0,0,0,0.5,0,0,0,0,0.5,0,0,0,0,0,0,0,0,0,0,0.5,0.5,0,1,0.37340668,0.005264282,0.40243408,0.378670962,1
1264,5,3,3,"ANTH190","UNIVERSITY OF NORTH CAROLINA","AMANDA","THOMPSON","A really nice professor. Exams were critically graded, so it is important that you do the readings. Lectures were interesting, though I felt the delivery was a bit boring.",0,0,0,0,0.5,0,0,0,0,0.5,0,0,0,0,0,0,0,0,0,0,0,0,0,1,0.027913637,0.0006389618,0.015416925,0.0285525988,1
1270,11,2,2,"ANTH319","UNIVERSITY OF NORTH CAROLINA","AMANDA","THOMPSON","Dr. Thompson is an incredibly mediocre professor at best. She honestly just reads from the slides and offers little chance for participation. Most people in class don't pay attention. The case studies assigned are patronizingly trivial, yet the TA's have the gall to grade all assignments and tests very harshly. Easy A, but you won't learn much.",0,0,0,0,0.5,0,0,0,0,0,0,0,0.5,0,0,0,0,0,0,0,0,0,0,1,0.42349213,0.0074386597,0.48399165,0.4309307897,1
1272,13,1,3,"ANTH319","UNIVERSITY OF NORTH CAROLINA","AMANDA","THOMPSON","Amanda is a utterly horrible human being. Grades are determined by TA's and they grade hard on exams for no reason. When you ask why points are taken off Amanda can't explain why and becomes snippy. You have to keep the same group for both projects which can be unfortunate. Grades are also not returned in a timely manner.",0,0.5,0,0,1,0,0,0,0,1,0.5,0,0,0,0,0,0,0,0,0,0,0,0,3,0.43720075,0.012833111,0.48675314,0.450033861,1
1282,3,1,2,"POLI416","UNIVERSITY OF NORTH CAROLINA","ISAAC","UNAH","While the material was interesting, Professor Unah was not a great instructor. He was late, disorganized, and unclear. Lectures consisted of unrelated tangents and opportunities to flex his ego. At times it seemed like he was more interested in trying to prove how cool he was instead of properly preparing us for exams/assignments. I would avoid.",1,0,0,0,1,0,0,0,0,1,0,0,0,0,0,0,0,0,0,0,0,0,0,3,0.10956833,0.0012016296,0.062150877,0.1107699596,1
1287,8,1,3,"POLI416","UNIVERSITY OF NORTH CAROLINA","ISAAC","UNAH","An absolute clown of a professor. Completely disorganized and the students suffer from his lack of professionalism. Gives a quiz 5 minutes before the final exam because he forgot to give it to us when we had an appropriate amount of time for it. Doesnt respond to students comments or concerns, shows up late, rambles, terrible content. horrendous.",0,0,0,0,1,0,0,0,0,1,0,0,0,0,0,0,0,0,0,0,0,0,0,2,0.5885171,0.016512826,0.6500014,0.605029926,1
1295,16,2,2,"POLI416","UNIVERSITY OF NORTH CAROLINA","ISAAC","UNAH","Professor Unah, Im sure, is a wonderful person. However, he is the most unorganized, uninspiring lecturers Ive ever had. The textbooks are mandatory but dont bother reading because hes just going to copy word for word haphazardly slapped on a PowerPoint for our viewing pleasure. Would not recommend.",0,0,0,0,0,0.5,0,0,0,0,0,0,0,0,0,0,0,0,0,0,0,0,0,0.5,0.17718399,0.0017738342,0.113185234,0.1789578242,1
1316,17,2,2,"POLI236","UNIVERSITY OF NORTH CAROLINA","MILADA","VACHUDOVA","What a worthless class. It's pure history rather than politics. Vachudova is a nice woman, but she teaches in generalizations and stereotypes, lecture is pointless, and the TAs do all the work in recitation. Exams are vague and don't test knowledge, rather your understanding of what she wants you to say. This course is a complete waste of time.",0,0,0,0,0.5,0,0,0,0,0,0,0,0,0,0,0,0,0,0,0,0,0,0,0.5,0.36043653,0.0049591064,0.36798462,0.3653956364,1
1322,3,2,4,"POLI270","UNIVERSITY OF NORTH CAROLINA","MATTHEW","WEIDENFELD","Do not take. The second half of the class is a simulation, which is cool, but it is extremely disorganized and your grade will pay the price. Also, most of the class suffered from his extremely vague and random choice of questions for the midterm. Grade does not reflect how much you know or how hard you worked, which is unfair.",0.5,0,0,0,0,0,0,0,0,0,0,0,0,0,0,0,0,0,0,0,0,0,0,0.5,0.035220183,0.00069618225,0.01838776,0.03591636525,1
1361,2,3,4,"PLAN785","UNIVERSITY OF NORTH CAROLINA","DALE","WHITTINGTON","Dale is very smart and eloquent. Unfortunately, to put it mildly, he is not a nice person. He has no qualms about putting you down in front of other students. And he has a very condescending tone. And he is an extremely poor advisor to his grad students. If you're thinking about working with him, proceed with caution. You've been warned. Good luck.",0,0,0,0,1,0.5,0,0,0,1,0,0,0,0,0,0,0,0,0,0,0,0,0,2.5,0.22980402,0.002155304,0.16883044,0.231959324,1
1362,1,1,1,"SPHG713","UNIVERSITY OF NORTH CAROLINA","COURTNEY","WOODS","Dr. Woods is sweet, but she speaks SO slow and monotonous. The class environment is not engaging at all.",0,0,0,0,1,0,0,0,0,1,0,0,0,0,0,0,0,0,0,0,0,0,0,2,0.2396185,0.0024604797,0.19500497,0.2420789797,1
1372,10,4.5,2,"PSYC210","UNIVERSITY OF NORTH CAROLINA","ERIC","YOUNGSTROM","This dude is goofy as hell. He does his best to makes statistics interesting. Take his class if you get the chance. You'll actually learn the material without being bored to tears.",0,0,0,0,0,0,0,0,0,0,0,0.5,0,0,0,0,0,0,0,0,0,0,0,0.5,0.5559701,0.02439716,0.5678696,0.58036726,1
567,7,2,1,"SOCI111","UNIVERSITY OF NORTH CAROLINA","GUANG","GUO","If you need a study hall, take Soci 111 with Guang. He talks a bunch and doesn't really say a whole lot. Got so much work done in this class though. Final and midterm were pretty easy but some questions either make no sense or are about things we didn't learn. Readings could be long but a good chunk of your grade is based off reading notes Not bad",0,0,0,0,0,0,0,0,0,0,0,0,0,0,0,0,0,0,0,0,0,0,0,0,0.02035702,0.00084400177,0.011844902,0.02120102177,0
903,11,3,4,"PLCY565","UNIVERSITY OF NORTH CAROLINA","BENJAMIN","MEIER","He cares about the material & helping students, but class was stressful, participation is absolutely mandatory (and he'll make you feel bad if you don't), the participation ?s sometimes don't relate to the day's readings, there are 4-5 long readings per class with daily quizzes, & no grading criteria for the papers worth 15-30% of your grade.",0,0,0,0,0,0,0,0,0,0,0,0,0,0,0,0,0,0,0,0,0,0,0,0,0.02826718,0.0007009506,0.01465692,0.0289681306,0
188,2,4,4,"PSYC533H","UNIVERSITY OF NORTH CAROLINA","DANIEL","BAUER","Bauer ranks 1-2 standard deviations above the average instructor in kindness and understanding. Very easy to talk to. Virtual lectures sometimes were slow. Grades of 95 and above were A's. Generous but not very clear grading criteria. No final, just assignments, group project, and quizzes with like 5 questions (eek!)",0,0,0,0,0,0,0,0,0,0,0,0,0,0,0,0,0,0,0,0,0,0,0,0,0.028974265,0.000705719,0.016784932,0.029679984,0
776,19,1,4,"SOC810","UNIVERSITY OF NORTH CAROLINA","CHARLES","KURZMAN","No Comments",0,0,0,0,0,0,0,0,0,0,0,0,0,0,0,0,0,0,0,0,0,0,0,0,0.021196328,0.0012779236,0.009298887,0.0224742516,0
578,18,3.5,2,"SOCI11","UNIVERSITY OF NORTH CAROLINA","GUANG","GUO","He tries ot make the class interesting but by the end of the semester I got so sick of hearing about his Princeton days + ivy league rankings. I had to restrain myself from saying ""go and teach at Princeton, then!...but I didn't",0,0,0,0,0,0,0,0,0,0,0,0,0,0,0,0,0,0,0,0,0,0,0,0,0.07450261,0.001335144,0.029934563,0.075837754,0
777,20,5,3,"SOCI51","UNIVERSITY OF NORTH CAROLINA","CHARLES","KURZMAN","No Comments",0,0,0,0,0,0,0,0,0,0,0,0,0,0,0,0,0,0,0,0,0,0,0,0,0.021196328,0.0012779236,0.009298887,0.0224742516,0
1313,14,4.5,3,"POLI236","UNIVERSITY OF NORTH CAROLINA","MILADA","VACHUDOVA","Really interesting class material, however I hate the grading percentages. Two exams, a few pop quizzes, and recitation participation. The exams and quizzes are either based on random things she finds important or from ridiculously long readings assigned every week. The TA's do all the work in this class but Milada is a good lecturer.",0,0,0,0,0,0,0,0,0,0,0,0,0,0,0,0,0,0,0,0,0,0,0,0,0.18364124,0.0018405914,0.107333586,0.1854818314,0
683,8,2,4,"POLI238","UNIVERSITY OF NORTH CAROLINA","EVELYNE","HUBER","Very unclear grading. I was consistently told I was performing well in the course, and then given a grade much lower than what was expected. Many of my peers have experienced the same issue. Lectures are awful and difficult to follow. The TAs are extremely helpful in clarifying, but the prof herself just doesn't know how to teach.",0,0,0,0,0,0,0,0,0,0,0,0,0,0,0,0,0,0,0,0,0,0.5,0,0,0.0926474,0.0010538101,0.04207976,0.0937012101,0
363,15,5,3,"POLI217","UNIVERSITY OF NORTH CAROLINA","PAMELA","CONOVER","i recommend her whenever i can she was great. the online forum posts help your participation grade if you do them diligently especially if you aren't a talk in class person.",0,0,0,0,0,0,0,0,0,0,0,0,0,0,0,0,0,0,0,0,0,0,0,0,0.029917045,0.0009012222,0.0142009165,0.0308182672,0
1187,1,1,2,"POLI215","UNIVERSITY OF NORTH CAROLINA","DONALD","SEARING","No slides. Talks TO us for entire lecture. Rambles. Unclear prompts for midterm and final essay (40% each). Due to him being late for finals, allowed us to copy our midterm grade to skip finals. I did.",0,0,0,0,0,0,0,0,0,0,0,0,0,0,0,0,0,0,0,0,0,0,0,0,0.022139108,0.00067710876,0.011730902,0.02281621676,0
464,2,2,3,"PSYC62","UNIVERSITY OF NORTH CAROLINA","BARBARA","FREDRICKSON","6 papers you write and she grades very hard. If you don't write the way she wants, she won't give you a good grade. Don't read the books its a waste of time. Overall Barb is a good lecturer, but the material at times can be quite boring. On the plus side there aren't any tests or quizes.",0,0,0,0,0,0,0,0,0,0,0,0,0,0,0,0,0,0,0,0,0,0,0,0,0.0438942,0.0009012222,0.019999169,0.0447954222,0
898,6,5,3,"PLCY565","UNIVERSITY OF NORTH CAROLINA","BENJAMIN","MEIER","TAKE A CLASS WITH MEIER!!! He does assign a lot of reading, but quizzes are short and readings can be skimmed for main points. His lectures are so entertaining and he really cares about his students.",0,0,0,0,0,0,0,0,0,0,0,0,0,0,0,0,0,0,0,0,0,0,0,0,0.024260364,0.0009870529,0.012756908,0.0252474169,0
496,6,1,4,"PSYC504","UNIVERSITY OF NORTH CAROLINA","KAREN","GIL","The content is interesting, but her lectures were extremely boring. She is definitely a harsh grader when it comes to the exams. I thought they were unfairly short with less than ten questions. Obviously, just missing one question sets you back a lot. She also wants extremely detailed short answers. Take another psyc class.",0,0,0,0,0,0,0,0,0,0,0,0,0,0,0,0,0,0,0,0,0,0,0,0,0.23523538,0.0032043457,0.16839184,0.2384397257,0
1368,6,5,2,"C829","UNIVERSITY OF NORTH CAROLINA","ERIC","YOUNGSTROM","HE IS THE BEST!!!!!!!!!!!",0,0,0,0,0,0,0,0,0,0,0,0,0,0,0,0,0,0,0,0,0,0,0,0,0.026145924,0.0025939941,0.010932897,0.0287399181,0
1087,15,1,3,"SOCI417","UNIVERSITY OF NORTH CAROLINA","ALEXANDREA","RAVENELLE","Do not take the class unless it's for a major. Professor Ravenelle is a nice lady, but not a considerate professor. There was many changes throughout the class which were not updated in the syllabus, like attendance! Lectures are very boring and a waste of time. No lectures are posted online for reference, so good luck on midterms/finals!",0,0,0,0,0,0,0,0,0,0,0,0,0,0,0,0,0,0,0,0,0.5,1,0,0,0.07687678,0.000910759,0.033239998,0.077787539,0
1296,17,5,2,"POLI411","UNIVERSITY OF NORTH CAROLINA","ISAAC","UNAH","Unah is an amazing professor-caring, knowledgeable, smart. His only flaw is organization; he tends to get excited and spends too much time on certain topics and neglects others. However, he does account for this in exams and quizzes. Do the readings, come to class, you'll be fine. A pretty lenient grader too!",0,0,0,0,0,0,0,0,0,0,0,0,0,0,0,0,0,0,0,0,0,0,0,0,0.042657252,0.000834465,0.0233509,0.043491717,0
1286,7,2,3,"POLI411","UNIVERSITY OF NORTH CAROLINA","ISAAC","UNAH","Unah is a very kind person and the content he taught was fascinating. It was difficult to be in this class because of his lack of structure in class meetings. Many class periods went wasted discussing meaningless things which led us to be very behind on the syllabus. Tests are weighed VERY heavily with the final being almost half the grade.",0,0,0,0,0,0,0,0,0,0,0,0,0,0,0,0,0,0,0,0,0.5,0.5,0,0,0.025792383,0.0006532669,0.014808921,0.0264456499,0
41,10,4,3,"SOCI57H","UNIVERSITY OF NORTH CAROLINA","HOWARD","ALDRICH","No tests, only papers. He does not grade hard.",0,0,0,0,0,0,0,0,0,0,0,0,0,0,0,0,0,0,0,0,0,0,0,0,0.057748068,0.00084877014,0.028061481,0.05859683814,0
1203,4,2,5,"POLI272","UNIVERSITY OF NORTH CAROLINA","JEFF","SPINNER-HALEV","Very heavy and difficult. TA were to no help",0,0,0,0,0,0,0,0,0,0,0,0,0,0,0,0,0,0,0,0,0,0,0,0,0.024849601,0.0010299683,0.012148905,0.0258795693,0
529,1,5,2,"NSCI225H","UNIVERSITY OF NORTH CAROLINA","PETER","GORDON","Straightforward class. You can either pay attention in class and briefly skim the textbook for what he didn't cover or zone out in class and read. Either way, the exams are non-cumulative and 70/30 multiple choice/short answer. MC isn't confusing and short answer has lenient grading. Dr. Gordon uses really dry humor in class but it's amusing.",0,0,0,0,0,0,0,0,0,0,0,0,0,0,0,0,0,0,0,0,0,0,0,0,0.02968135,0.0006580353,0.017227544,0.0303393853,0
47,16,3,3,"SOCI89H","UNIVERSITY OF NORTH CAROLINA","HOWARD","ALDRICH","Professor Aldrich was awesome in terms of caring about his field of work, but this SOCI89H class became very redundant, very quickly. For people who are actually interested in full-scale rationalization of America, this class is for you! For me, I only enjoyed having Aldrich as a professor because he was helpful and intuitive, not due to the course",0,0,0,0,0,0,0,0,0,0,0,0,0,0,0,0,0,0,0,0,0,0,0,0,0.040430736,0.0010108948,0.019999169,0.0414416308,0
261,4,1,3,"SOCI252","UNIVERSITY OF NORTH CAROLINA","YONG","CAI","Professor Cai is incredibly out of touch with his students. He lectures all class long (boring lectures) and does not interact with us, and then gives us exams that over half the class fails because they are way too long and test us on content most of us don't understand. Pretty sure he doesn't know any of our names. Not sure how I will pass...",0,0,0,0,0,0,0,0,0,0,0,0,0,0,0,0,0,0,0,0,0,0,0,0,0.0926474,0.0009584427,0.04442204,0.0936058427,0
678,3,3,4,"POLI238H","UNIVERSITY OF NORTH CAROLINA","EVELYNE","HUBER","She never really taught anything in class. She assigns a ton of unnecessary reading plus long lectures to watch before then just places us into breakout rooms that are a waste of time for half of class for us to discuss her ""Powerpoints."" She's nice and clearly smart about the subject, but very stats. heavy & boring. I would try a diff. Latin prof.",0,0,0,0,0,0,0,0,0,0,0,0,0,0,0,0,0,0,0,0,0,0,0,0,0.15987846,0.0023651123,0.0777699,0.1622435723,0
22,6,4,1,"PSYC245","UNIVERSITY OF NORTH CAROLINA","JONATHAN","ABRAMOWITZ","The best prof I've had so far. His class is 75% exams and 25% final essay, I was hesitant about that but the tests are extremely easy if you go to class and listen. He doesn't post full lectures so attendance is a must. Super nice guy and I really enjoyed his class even though I hate psych.",0,0,0,0,0,0,0,0,0,0,0,0,0,0,0,0,0,0,0,0,1,0,1,0,0.075294,0.0016880035,0.024640027,0.0769820035,0
1252,3,4,3,"NROC25","UNIVERSITY OF NORTH CAROLINA","TODD","THIELE","I just want to point out that the there is another Dr. Tod Thiele at the University of Toronto who also teaches neuroscience and I find that hilarious.",0,0,0,0,0,0,0,0,0,0,0,0,0,0,0,0,0,0,0,0,0,0,0,0,0.022964042,0.001001358,0.013440913,0.0239654,0
634,10,5,1,"POLI100","UNIVERSITY OF NORTH CAROLINA","MARC","HETHERINGTON","All you have to do is take good notes during lecture/recitation and you're good. The information covered in lectures tends to be extremely boring. HOWEVER, Marc is such a naturally funny person that everyone stays engaged. During the course of the whole semester you're only graded by two papers and a few tests. Take this class!!",0,0,0,0,0,0,0,0,0,0,0,0,0,0,0,0,0,0,0,0,0,0,0,0,0.028149333,0.00071048737,0.016024929,0.02885982037,0
266,9,3,2,"SOCI121","UNIVERSITY OF NORTH CAROLINA","YONG","CAI","He is a nice guy and the class is easy, but his lectures are incredibly boring, long, and scattered. He was not clear on grades and took a long time to grade/ wouldn't post scores and did not follow syllabus. Occasional pop quiz on reading. He will tell you what's on the test and it isn't challenging. Interesting topic that could be taught better.",0,0,0,0,0,0,0,0,0,0,0,0,0,0,0,0,0,0,0,0,0,0.5,0,0,0.054779384,0.0008583069,0.029493837,0.0556376909,0
1038,20,4.5,1,"PSYC101","UNIVERSITY OF NORTH CAROLINA","DAVID","PENN","Loved this class! It is definitely an easy A. There are 5 short papers, 3 exams, and 1 final. You can drop the lowest grade for the papers and exams. Lectures are long but interesting. He likes to test people on the videos/examples/demonstrations, so take notes during those. DO NOT BUY THE TEXTBOOK. It is a huge waste of your money.",0,0,0,0,0,0,0,0,0,0,0,0,0,0,0,0,0,0,0,0,0,0,0,0,0.04785245,0.000872612,0.02012808,0.048725062,0
1370,8,4.5,1,"PSYC210","UNIVERSITY OF NORTH CAROLINA","ERIC","YOUNGSTROM","Dr. Youngstrom was a great professor. I'm innately horrible at math, and with his help (his TA Andrew Freedman is really good too) I got an A in statistics! Always willing to help, and he obviously designs the class so you can get the highest grade possible. If you have to take PSYC 210, definitely take it with Youngstrom!",0,0,0,0,0,0,0,0,0,0,0,0,0,0,0,0,0,0,0,0,0,0,0,0,0.03734144,0.0012874603,0.017012933,0.0386289003,0
1046,8,2,3,"NSCI221","UNIVERSITY OF NORTH CAROLINA","RACHEL","PENTON","Professor Penton is a nice woman but she is extremely disorganized and that is reflected in the course content and lectures. She puts a huge emphasis on group projects that are a huge waste of time and do not help you learn. You will need to teach yourself outside of class to pass the exams. Would not recommend.",0,0,0,0,0,0,0,0,0,0,0,0,0,0,0,0,0,0,0,0,0,0,0,0,0.09611836,0.0010061264,0.04383647,0.0971244864,0
654,10,3,4,"POLI239","UNIVERSITY OF NORTH CAROLINA","LIESBET","HOOGHE","Having a good TA is key - go to the class, do the readings and you will be FINE. I like her - she def. knows what she's talking about!!!",0,0,0,0,0,0,0,0,0,0,0,0,0,0,0,0,0,0,0,0,0,0,0,0,0.025085296,0.0010299683,0.012528907,0.0261152643,0
498,8,2,4,"PSYC504","UNIVERSITY OF NORTH CAROLINA","KAREN","GIL","Not gonna lie, I was super excited for this class and did not enjoy it at all. Her exams are all super niche, making you memorize paper author names, and don't represent what we learn. She is also not super up front with communication in an online class setting and I feel kind of just along for the ride. I'd recommend taking another elective.",0,0,0,0,0,0,0,0,0,0,0,0,0,0,0,0,0,0,0,0,0,0,0,0,0.045873325,0.0012779236,0.019032324,0.0471512486,0
618,3,2,4,"POLI435","UNIVERSITY OF NORTH CAROLINA","JONATHAN","HARTLYN","He really knew what he was talking about and was enthusiastic about the subject, but really painful to watch speak for over an hour. I ended up taking no notes and not learning much.",0,0,0,0,0,0,0,0,0,0,0,0,0,0,0,0,0,0,0,0,0,0,0,0,0.03828422,0.0009059906,0.018323302,0.0391902106,0
878,6,2,4,"POLI410","UNIVERSITY OF NORTH CAROLINA","KEVIN","MCGUIRE","Professor McGuire is a really nice guy and definitely wants to help, but I have never taken a more boring class at UNC - especially in the Poli department. Every class is just him lecturing about Supreme Court cases, and although that's the content of the class, he could have done so much more to make it engaging. A warning might have been nice.",0,0,0,0,0,0,0,0,0,0,0,0,0,0,0,0,0,0,0,0,0,0,0,0,0.079250954,0.0012683868,0.031697463,0.0805193408,0
993,11,5,2,"PSYC210","UNIVERSITY OF NORTH CAROLINA","NATASHA","PARIKH","Prof P is a gem at UNC. Her classes are insanely easy and I didn't go to class except for FDOC. She zooms her classes and does poll ev, so I just did them from home. Fridays also don't have poll ev's. 1 weekly assignment that took about 1 hour and with the slides were easy. Exams are also take home. If you need a PSYC class, take Prof P!!!!!",0,0,0,0,0,0,0,0,0,0,0,0,0,0,0,0,0,0,0,0,0,0,0,0,0.023317585,0.00079631805,0.013174911,0.02411390305,0
1043,5,4,3,"NSCI175","UNIVERSITY OF NORTH CAROLINA","RACHEL","PENTON","She's pretty funny. I didn't like her TAs all that much but that's not really her fault. Overall a pretty average professor, but that's good because there wasn't really much to complain about. The textbook is awful because there's not a lot of useful information in like 2 long pages of reading, it's like trying to find needles in a hay stack.",0,0,0,0,0,0,0,0,0,0,0,0,0,0,0,0,0,0,0,0,0,0,0,0,0.11357342,0.0019359589,0.058475737,0.1155093789,0
494,4,5,1,"PSYC504","UNIVERSITY OF NORTH CAROLINA","KAREN","GIL","The harsh reviews are mind-blowing. She was the most understanding professor I've had at UNC. Complete 10 assignments for 20% of your grade, she front-loads the semester so stress decreases with time. Attendance isn't mandatory but some assignments require you to be in class to complete them. Assignments are graded by a checkmark. I recommend it.",0,0,0,0,0,0,0,0,0,0,0,0,0,0,0,0,0,0,0,0,0.5,0,0,0,0.020607091,0.0006341934,0.012680908,0.0212412844,0
159,7,4,3,"POLI288","UNIVERSITY OF NORTH CAROLINA","ANNA","BASSI","You have to practice a lot to do well since your grade is just three HWS and three tests. Really nice review videos, do the practice assignments and you'll be fine.",0,0,0,0,0,0,0,0,0,0,0,0,0,0,0,0,0,0,0,0,0,0,0,0,0.024849601,0.0012207031,0.012186904,0.0260703041,0
83,2,4,3,"PSYC58H","UNIVERSITY OF NORTH CAROLINA","JENNIFER","ARNOLD","This class was VERY boring. Dr. Arnold is fine, but she is definitely more of a research professor than a teaching professor. The last bit of this class was a research project, and she was very helpful with that. This class is not an easy A, but it isn't terribly hard. If you don't want to be bored and hate your FYS, don't take this class.",0,0,0,0,0,0,0,0,0,0,0,0,0,0,0,0,0,0,0,0,0,0,0,0,0.20839658,0.0030136108,0.089778624,0.2114101908,0
181,9,2,3,"PSYC245","UNIVERSITY OF NORTH CAROLINA","DONALD","BAUCOM","I was excited to have a class with Baucom but this quickly turned into disappointment. Maybe had we had a normal semester this would not be so, but his lectures are pointless. also he is not accommodating AT ALL. everything has to be the way he says so, would not recommend him at all",0,0,0,0,0,0,0,0,0,0,0,0,0,0,0,0,0,0,0,0,0,0,0,0,0.30319387,0.0035858154,0.26957804,0.3067796854,0
172,20,2,1,"POLI288","UNIVERSITY OF NORTH CAROLINA","ANNA","BASSI","Tests were extremely easy, curve is very generous. This class is an easy A. Prof. Bassi a lovely person but a poor instructor; she shows up 5-10 minutes late almost every day, she makes you sign up for a timeslot to go to her office hours, and she was absent pretty frequently (and sent the TA to teach the class). Easy class, poor instruction.",0,0,0,0,0,0,0,0,0,0,0,0,0,0,0,0,0,0,0,0,0,0,0,0,0.09872158,0.0010061264,0.053791173,0.0997277064,0
717,2,5,4,"PSYC395","UNIVERSITY OF NORTH CAROLINA","ANDREA","HUSSONG","I absolutely adore her. She's wickedly smart, loves her work, and is dedicated to making sure her students understand the ""why"" rather than the ""what"" of psychological research.",0,0,0,0,0,0,0,0,0,0,0,0,0,0,0,0,0,0,0,0,0,0,0,0,0.021432023,0.0011253357,0.010590895,0.0225573587,0
559,19,4,4,"PSYC242","UNIVERSITY OF NORTH CAROLINA","DESIREE","GRIFFIN","I like the class overall. Very interesting topics. She is not so accommodating and understanding. Many people are 0.03%, 0.05% away from the higher letter grade and she would not care about curving. That's my only complaint. Besides that, this class is great. I just wish she cares more about students' future and well-being over grade inflation.",0,0,0,0,0,0,0,0,0,0,0,0,0,0,0,0,0,0,0,0,0,0,0,0,0.021785567,0.0006532669,0.012414906,0.0224388339,0
198,8,5,2,"POLI203","UNIVERSITY OF NORTH CAROLINA","FRANK","BAUMGARTNER","Fbaum is awesome! I love this class and am learning so much. This class is awesome and will be unforgettable. I think everyone should take this class. I would take any classes taught by Fbaum. You can't go wrong here!",0,0,0,0,0,0,0,0,0,0,0,0,0,0,0,0,0,0,0,0,0,0,0,0,0.026263772,0.0022220612,0.010476895,0.0284858332,0
983,1,5,3,"PSYC210","UNIVERSITY OF NORTH CAROLINA","NATASHA","PARIKH","Dr. Parikh is great. She teaches about the things that matter. It wasn't that hard of a class considering it was a stat class. I wouldn't say it should really be a psychology class, though. Either a stats or maybe ethics class, but it wasn't psych heavy at all. The software was super easy to use.",0,0,0,0,0,0,0,0,0,0,0,0,0,0,0,0,0,0,0,0,0,0,0,0,0.020607091,0.0010251999,0.011844902,0.0216322909,0
568,8,2,3,"SOCI111","UNIVERSITY OF NORTH CAROLINA","GUANG","GUO","This class was awful. He makes his tests insanely hard. Even though they are open note, the questions ask about very specific topics or facts that cannot even be found in the PowerPoints. The reading notes are easy and help boost your grade, but the tests are so heavily weighted that it does not help much.",0,0,0,0,0,0,0,0,0,0,0,0,0,0,0,0,0,0,0,0,0,0,0,0,0.2853768,0.0065231323,0.1640896,0.2918999323,0
997,15,5,3,"PSYC210","UNIVERSITY OF NORTH CAROLINA","NATASHA","PARIKH","I loved Prof Parikh! Her class was very accessible (offered zoom) and she was such an amazing person overall. Very understanding of personal situations, passionate about the work, caring towards her students. Definitely recommend taking a class with her.
 
  One assignment due a week, very manageable.",0,0,0,0,0,0,0,0,0,0,0,0,0,0,0,0,0,0,0,0,0,0,0,0,0.023199737,0.001707077,0.010856897,0.024906814,0
358,10,2,3,"POLI217","UNIVERSITY OF NORTH CAROLINA","PAMELA","CONOVER","I found the subject matter boring and her approach to be somewhat as well. Any time you have a relatively boring subject and the teacher is not very energetic about it, I find it to be hard to learn. I also thought the method she taught the course made it harder for success in her class.",0,0,0,0,0,0,0,0,0,0,0,0,0,0,0,0,0,0,0,0,0.5,0,0,0,0.07450261,0.0010538101,0.032799274,0.0755564201,0
940,8,3,4,"PSYC230","UNIVERSITY OF NORTH CAROLINA","NEIL","MULLIGAN","If you don't attend the lectures, you won't pass. The majority of the tests are made up of what was discussed in class (80% lecture based, 20% textbook based). Lectures are extremely boring but you need to listen and take good notes. Grades for this class include in-class quizzes, in-class writing assignments, one paper, three midterms, and a final",0,0,0,0,0,0,0,0,0,0,0,0,0,0,0,0,0,0,0,0,0,0,0,0,0.027442247,0.0008916855,0.013630914,0.0283339325,0
1181,15,2,5,"PSYC210","UNIVERSITY OF NORTH CAROLINA","VIJI","SATHY","This class was harder than it should have been. The professor is nice and caring but her test are tricky!! My advice is to treat it more like a math class because that's what it felt like :(",0,0,0,0,0,0,0,0,0,0,0,0,0,0,0,0,0,0,0,0,0,0,0,0,0.025674535,0.0008869171,0.012642908,0.0265614521,0
164,12,5,4,"POLI288","UNIVERSITY OF NORTH CAROLINA","ANNA","BASSI","Professor Bassi is friendly, kind, understanding, and willing to meet outside of office hours for extra instruction or exam review. She's a fair grader and the tests aren't crazy hard if you study. Always do the extra practice problems (they're REALLY helpful! ) If you're willing to attend class and study, you'll do fine. If not, you won't pass.",0,0,0,0,0,0,0,0,0,0,0,0,0,0,0,0,0,0,0,0,0,0,0,0,0.03875561,0.0010204315,0.020192537,0.0397760415,0
319,2,5,3,"PSYC220","UNIVERSITY OF NORTH CAROLINA","DANIEL","CHRISTOFFEL","Tbh Dr. C isn't bad. Sure, the first paper was a little rough, but just the rubric for the others, and you're fine. Exams were not too awful if you study. Take- home quizzes/scientist spotlights were grade buffers. Also, you can always email him to talk about grade issues. And he always let class out early. Overall, not a TERRIBLE class.",0,0,0,0,0,0,0,0,0,0,0,0,0,0,0,0,0,0,0,0,0,0,0,0,0.049336795,0.0013256073,0.022577424,0.0506624023,0
1320,1,2,4,"POLI270","UNIVERSITY OF NORTH CAROLINA","MATTHEW","WEIDENFELD","The most inaccessible professor I have ever had. Sent over ten extremely important emails throughout the semester and never once got a response. Even when it concerned mistakes in grading and time sensitive questions. Nice guy, passionate about teaching, but his inability to respond or communicate is not fair to his students.",0,0,0,0,0,0,0,0,0,0,0,0,0,0,0,0,0,0,0,0,0.5,1,0,0,0.13908891,0.0013637543,0.07491849,0.1404526643,0
1149,3,3,4,"POLI281","UNIVERSITY OF NORTH CAROLINA","TIMOTHY","RYAN","6 assignments and a group final project. Extremely boring and inefficient lectures but easy enough to get through while mastering almost none of the material. He does not explain grading criteria very well so you can get a bad grade out of nowhere. Not difficult, just causes unnecessary amounts of stress and very boring lectures.",0,0,0,0,0,0,0,0,0,0,0,0,0,0,0,0,0,0,0,0,0,0,0,0,0.11212669,0.0010871887,0.061451588,0.1132138787,0
268,11,1,4,"SOCI252","UNIVERSITY OF NORTH CAROLINA","YONG","CAI","Hard to understand. Unclear and confusing in explanations. Makes things harder and more confusing than necessary.",0,0,0,0,0,0,0,0,0,0,0,0,0,0,0,0,0,0,0,0,0,0,0,0,0.030977672,0.00066280365,0.017292,0.03164047565,0
814,8,5,2,"PSCY101","UNIVERSITY OF NORTH CAROLINA","JEANNIE","LOEB","I loved this professor. The tests were very easy and reflected the content. As long as you download her notes outlines and read it will be fairly easy. She also curves A LOT. The first test she curved 8.5 points. She is funny and her lectures are super engaging. The only slightly annoying thing is the heavily weighted attendance policy.",0,0,0,0,0,0,0,0,0,0,0,0,0,0,0,0,0,0,0,0,0,0,0,0,0.020960633,0.00081539154,0.011692902,0.02177602454,0
357,9,2,3,"POLI217","UNIVERSITY OF NORTH CAROLINA","PAMELA","CONOVER","Professor Conover is clearly a well educated individual in Political Science and I do like her but the amount of articles, essays, and other readings she assigns on a week to week basis was overwhelming. Also, she is hard to get a hold of consistently and if you are not in class with her, her responsiveness was poor.",0,0,0,0,0,0,0,0,0,0,0,0,0,0,0,0,0,0,0,0,0,0,0,0,0.07291982,0.00071525574,0.035333443,0.07363507574,0
845,6,4,2,"POLI238","UNIVERSITY OF NORTH CAROLINA","CECILIA","MARTINEZ-GALLARDO","She is clearly passionate and knowledgeable about Latin American politics, and that can come through by means of information overload - she sometimes gets lost in all the things she wants to say. However, she is very sweet, clearly cares about her students, and will give you plenty of opportunities to bring your grade up. Easy grader!",0,0,0,0,0,0,0,0,0,0,0,0,0,0,0,0,0,0,0,0,0,0,0,0,0.034513097,0.0009727478,0.018323302,0.0354858448,0
429,1,5,1,"NSCI222","UNIVERSITY OF NORTH CAROLINA","SARA","ESTLE","Amazing class. A lot of material, but an easy A if you stay on top of your material. Lots of feedback to work with though.
 
  
 
  She's one of the best professors at UNC if you show sincerity and study hard as well. I know many people who passed with flying colors with no hassle. But some also managed to fail the class, so I guess you need to work a bit.",0,0,0,0,0,0,0,0,0,0,0,0,0,0,0,0,0,0,0,0,0,0,0,0,0.115658075,0.004711151,0.029714199,0.120369226,0
1206,7,1,5,"POLI272","UNIVERSITY OF NORTH CAROLINA","JEFF","SPINNER-HALEV","Exams were all multiple choice and extremely difficult - you could pretty much argue that every single answer was correct. You had to attend the lectures and pay attention to everything he said; attendance quizzes were given and he purposely made the answers ""wrong"" to figure out who wasn't attending class and taking the quizzes elsewhere. Avoid!",0,0,0,0,0,0,0,0,0,0,0,0,0,0,0,0,0,0,0,0,0,0,0,0,0.022021262,0.00068187714,0.011312899,0.02270313914,0
624,9,3,4,"POLI57","UNIVERSITY OF NORTH CAROLINA","JONATHAN","HARTLYN","He's a good teacher, but DON'T TAKE HIS FYS. He teaches what are meant to be easy classes as if they're 400-level courses (what he's used to teaching). There's a term paper, group project, readings, midterms, and a final. He's a great guy, but this is not an easy-A. If you're interested in the subject and don't mind the hard work, then go ahead.",0,0,0,0,0,0,0,0,0,0,0,0,0,0,0,0,0,0,0,0,0,0,0,0,0.022964042,0.0008249283,0.012110904,0.0237889703,0
385,12,5,3,"POLI150","UNIVERSITY OF NORTH CAROLINA","MARK","CRESCENZI","Prof Crescenzi is one of the kindest and most empathetic educators I've ever seen and taking his class made this entire online semester that much more enjoyable. He encourage feedback like no prof I've seen before. He's reminds of a skinnier political science genius Santa Clause. If you get the chance to be in one of his classes, go for it!",0,0,0,0,0,0,0,0,0,0,0,0,0,0,0,0,0,0,0,0,0,0,0,0,0.021667719,0.0008249283,0.012452906,0.0224926473,0
890,18,5,3,"POLI410","UNIVERSITY OF NORTH CAROLINA","KEVIN","MCGUIRE","Professor McGuire is my favorite Poli professor because of the clear and interesting way he teaches. Though test prep may take some time, there are no curve balls on his tests. Attendance and participation aren't required, but by going and paying attention you'll have all that you need for the lecture part of the tests. Very nice and funny guy!",0,0,0,0,0,0,0,0,0,0,0,0,0,0,0,0,0,0,0,0,0,0,0,0,0.030034892,0.0015544891,0.011844902,0.0315893811,0
226,16,2,5,"POLI265","UNIVERSITY OF NORTH CAROLINA","SUSAN","BICKFORD","She is a harsh grader- does not like giving out anything higher than a B-. It should be a good discussion based class, but she makes it so difficult that no one ends up learning because they're so worried about their grades.",0,0,0,0,0,0,0,0,0,0,0,0,0,0,0,0,0,0,0,0,0,0,0,0,0.14256015,0.0021076202,0.07428485,0.1446677702,0
629,5,5,3,"POLI100","UNIVERSITY OF NORTH CAROLINA","MARC","HETHERINGTON","Prof. Hetherington is super nice and really funny. The lectures were boring but he did everything he could to make them not terrible. The reading is A LOT, but the exams aren't super reading-based. He doesn't take attendance, but you definitely need to go because the lectures aren't recorded and he says a lot of important stuff.",0,0,0,0,0,0,0,0,0,0,0,0,0,0,0,0,0,0,0,0,0,0,0,0,0.02308189,0.000834465,0.013212911,0.023916355,0
1376,14,5,4,"PSYC210","UNIVERSITY OF NORTH CAROLINA","ERIC","YOUNGSTROM","Dr. Youngstrom is one of the greatest professors I have ever had. He managed to make something as boring as statistics extremely fun! I would recommend this class to anyone who is a psychology major or who needs a statistics class!",0,0,0,0,0,0,0,0,0,0,0,0,0,0,0,0,0,0,0,0,0,0,0,0,0.023199737,0.00077724457,0.013250912,0.02397698157,0
473,6,1,4,"NSCI175","UNIVERSITY OF NORTH CAROLINA","MONICA","GAUDIER-DIAZ","I wouldn't recommend taking a summer class with her. She rarely responds, her exams are so hard, and the amount of work for a 100 level course is a lot. She doesn't work with you much at all either, especially with summer conflicts.",0,0,0,0,0,0,0,0,0,0,0,0,0,0,0,0,0,0,0,0,0,0,0,0,0.034748793,0.0009012222,0.015948927,0.0356500152,0
203,13,5,3,"POLI203","UNIVERSITY OF NORTH CAROLINA","FRANK","BAUMGARTNER","I wasn't particularly impressed with his lectures but the speakers he invites make the class unforgettable. Having the opportunity to visit central prison and see death row for yourself is a life changing experience. The class itself isn't that difficult, but it is graded on only a few things and missing recitation or evening events will hurt you.",0,0,0,0,0,0,0,0,0,0,0,0,0,0,0,0,0,0,0,0,0.5,0,0,0,0.07054565,0.002374649,0.015872927,0.072920299,0
294,17,2,3,"SOCI101","UNIVERSITY OF NORTH CAROLINA","NEAL","CAREN","The lectures and readings for this class are so boring. There isn't enough engagement in class to keep you focused it's just him talking for 1 hour and 15 minutes straight. The applications also take you a long time and the due dates are too short for a project of that manner. Midterms are okay it's just memorizing like 100+ terms.",0,0,0,0,0,0,0,0,0,0,0,0,0,0,0,0,0,0,0,0,0,0,0,0,0.06381883,0.0012016296,0.02708937,0.0650204596,0
85,4,1,4,"PSYC438","UNIVERSITY OF NORTH CAROLINA","JENNIFER","ARNOLD","Do not take a class with her. Her grading standards are incredibly harsh and she gives very vague instructions for all assignments. She is very disorganized and has no idea how to use technology, she was not even able to post quizzes on Sakai without there being serious glitches. She is a researcher, not a teacher.",0,0,0,0,0,0,0,0,0,0,0,0,0,0,0,0,0,0,0,0,0,0,0,0,0.19599396,0.002193451,0.1378885,0.198187411,0
576,16,1,5,"SOCI69","UNIVERSITY OF NORTH CAROLINA","GUANG","GUO","Freshmen, beware! The seminar is basically just reading papers. In class Dr. Guo clicks between a few ppts and says a lot while saying nothing. The grade is based on three exams which make no sense. He is not understanding of test errors and refuses to see that his questions are horrible. I've learned nothing and am so stressed about my grade.",0,0,0,0,0,0,0,0,0,0,0,0,0,0,0,0,0,0,0,0,0,0,0,0,0.119997114,0.0014972687,0.06529768,0.1214943827,0
265,8,4,2,"SOCI121","UNIVERSITY OF NORTH CAROLINA","YONG","CAI","This class is easy but lectures can be pretty boring. If you read the textbook your solid. There were ""pop quizzes"" that you can take unlimited times and he was very clear about what will be on the midterm. Not the most interesting topic but he's really into it and there's very little work to do for this class.",0,0,0,0,0,0,0,0,0,0,0,0,0,0,0,0,0,0,0,0,0,0,0,0,0.031684756,0.00092983246,0.015568925,0.03261458846,0
668,10,2,5,"NSCI434","UNIVERSITY OF NORTH CAROLINA","JOSEPH","HOPFINGER","Very nice person but tough in grading. I won't suggest taking NSCI 434 with him.",0,0,0,0,0,0,0,0,0,0,0,0,0,0,0,0,0,0,0,0,0,0,0,0,0.043399423,0.001168251,0.021868404,0.044567674,0
255,18,5,2,"PSYC260","UNIVERSITY OF NORTH CAROLINA","STEVEN","BUZINSKI","I love Buzinski!",0,0,0,0,0,0,0,0,0,0,0,0,0,0,0,0,0,0,0,0,0,0,0,0,0.025203144,0.002040863,0.010932897,0.027244007,0
1070,12,2.5,2,"PSYCH98","UNIVERSITY OF NORTH CAROLINA","MITCHELL","PRINSTEIN","Having only had him for independent study work, I must say that he is a nice professor, but is quite disorganized. Make sure you spell out exactly what your questions are, and be certain that there is a clear agreement in what is expected.",0,0,0,0,0,0,0,0,0,0,0,0,0,0,0,0,0,0,0,0,0,0,0,0,0.02920996,0.00061035156,0.018001022,0.02982031156,0
1000,18,5,2,"PSYC270","UNIVERSITY OF NORTH CAROLINA","NATASHA","PARIKH","Her lectures are can be boring/redundant but she is always there if you need extra help on the material/research paper. Class is easy as most of your grade is a semester-long project divided into small due dates throughout the semester, the learning checks/final exams are open-note, and 1/3 class are project workdays. Highly recommend taking her!",0,0,0,0,0,0,0,0,0,0,0,0,0,0,0,0,0,0,0,0,0,0,0,0,0.02826718,0.0006914139,0.016632931,0.0289585939,0
167,15,1,4,"POLI288","UNIVERSITY OF NORTH CAROLINA","ANNA","BASSI","The professor poorly explained concepts (certain students did far better jobs explaining them), disregarded student concerns after their wifi cut out during exams, and gave a final that was shockingly more difficult than any of the assignments or midterm (average was 68, median was 65; 40% of grade). Most students had As until the final.",0,0,0,0,0,0,0,0,0,0,0,0,0,0,0,0,0,0,0,0,0,0.5,0,0,0.027324399,0.000603199,0.015796926,0.027927598,0
451,9,5,3,"SOCI122","UNIVERSITY OF NORTH CAROLINA","KATHLEEN","FITZGERALD","I was nervous reading reviews but Fitzgerald is really sweet and truly cares about her students' wellbeing! Attendance is not taken but if you miss lecture, read the textbook. The study guides she provides are EXTREMELY helpful, use them! 3 exams (30ish MC and 1-2 SA), 2-3 extracurric. activities, fair amt of reading. You can get away w/ skimming.",0,0,0,0,0,0,0,0,0,0,0,0,0,0,0,0,0,0,0,0,0,0,0,0,0.02920996,0.00072956085,0.015720926,0.02993952085,0
1006,4,3.5,2,"PSYC190","UNIVERSITY OF NORTH CAROLINA","KEITH","PAYNE","stereotyping. tests are fairly easy, can drop the lowest one. short paper, everyone got an A who did it. lectures are sort of boring, but the material can be interesting. better one-on-one",0,0,0,0,0,0,0,0,0,0,0,0,0,0,0,0,0,0,0,0,0,0,0,0,0.03192045,0.0010585785,0.0154929245,0.0329790285,0
936,4,2,4,"PSYC230","UNIVERSITY OF NORTH CAROLINA","NEIL","MULLIGAN","Dr. Mulligan is such a great person and very helpful when you reach out to him, but this class was HORRIBLE. The material was dry, the lectures were almost unbearable, the tests were ridiculously specific and hard (a, b, c, a and b, b and c,all of the above :/), and the grading criteria was so subjective with zero feedback. If you can avoid, pls do",0,0,0,0,0,0,0,0,0,0,0,0,0,0,0,0,0,0,0,0,0,0,0,0,0.27750343,0.00459671,0.24903896,0.28210014,0
803,17,3,4,"PSYC180","UNIVERSITY OF NORTH CAROLINA","ROSA","LI","This course is pretty easy but it is impossible to do well in it if you do poorly on the midterm or final. They both make up 60% of your final grade!! Tests count for so much that the other minor assignments barley affect your grade.",0,0,0,0,0,0,0,0,0,0,0,0,0,0,0,0,0,0,0,0,0,0,0,0,0.02402467,0.0008010864,0.011084898,0.0248257564,0
52,1,4,3,"PSYC260","UNIVERSITY OF NORTH CAROLINA","SARA","ALGOE","Sara is really upbeat and does lots of demos in class.",0,0,0,0,0,0,0,0,0,0,0,0,0,0,0,0,0,0,0,0,0,0,0,0,0.05824285,0.0016975403,0.026702631,0.0599403903,0
187,1,5,3,"PSYC533","UNIVERSITY OF NORTH CAROLINA","DANIEL","BAUER","He is very knowledgeable in quantitative psych and easy to talk to. It's not an easy A class, but he makes a dreary stats class enjoyable. Truly a gem in the department.",0,0,0,0,0,0,0,0,0,0,0,0,0,0,0,0,0,0,0,0,0,0,0,0,0.02543884,0.000910759,0.014960921,0.026349599,0
728,10,3,3,"POLI260","UNIVERSITY OF NORTH CAROLINA","ROBERT","JENKINS","The topic of the class wasn't interesting to me, but Prof Jenkins was really passionate about the material so it made it bearable. He expects you to participate every day, so speak up or your participation grade will take a hit. There were small quizzes every few weeks and then a final. As well as an easy group project. I never did the readings btw",0,0,0,0,0,0,0,0,0,0,0,0,0,0,0,0,0,0,0,0,0,0,0,0,0.021314176,0.0009965897,0.0107048955,0.0223107657,0
427,5,2,2,"SOCI251","UNIVERSITY OF NORTH CAROLINA","BARBARA","ENTWISLE","She doesn't give tell you much about what's on exams. Exams cover things not always covered in class. Exams have test corrections, but you need them because typically people make in the 70s for her exams without test corrections. Class is a little boring, but just show up.",0,0,0,0,0,0,0,0,0,0,0,0,0,0,0,0,0,0,0,0,0,0,0,0,0.041915078,0.0009441376,0.02103047,0.0428592156,0
1201,2,4,5,"PWAD272","UNIVERSITY OF NORTH CAROLINA","JEFF","SPINNER-HALEV","It was difficult to maintain a good grade in this course because we were only graded by a few things. His TAs are such harsh graders. It is hard to pay attention in his lectures because sometimes the material was just really boring. I do have to say he is such a kind person though.",0,0,0,0,0,0,0,0,0,0,0,0,0,0,0,0,0,0,0,0,0,0,0,0,0.034277402,0.0008583069,0.018258847,0.0351357089,0
1147,1,3,4,"POLI281","UNIVERSITY OF NORTH CAROLINA","TIMOTHY","RYAN","Professor Ryan while nice is kinda disorganized and sporadic.Class moved at an extremely fast pace and the main coding assignments often had questions that not even the ULAs who had the answer key really understood how to reach the correct answer.Assignment guidelines were often confusing and having the right answer doesn't equal full credit",0,0,0,0,0,0,0,0,0,0,0,0,0,0,0,0,0,0,0,0,0.5,0.5,0,0,0.046368107,0.00068187714,0.027476108,0.04704998414,0
738,20,5,3,"POLI459","UNIVERSITY OF NORTH CAROLINA","ROBERT","JENKINS","He knows a ridiculous amount of information about transatlantic security, but he manages to make this information much easier to understand. There are probably seventy pages of reading per night, but it is mostly interesting stuff. Participation in class is a must; there are no exams, but there are a lot of writing assignments.",0,0,0,0,0,0,0,0,0,0,0,0,0,0,0,0,0,0,0,0,0,0,0,0,0.27412915,0.003528595,0.24903896,0.277657745,0
1102,5,3,4,"POLI235","UNIVERSITY OF NORTH CAROLINA","GRAEME","ROBERTSON","Professor Robertson is awesome in that he is very passionate about the material, and extremely knowledgeable. However, he's seldom available during office hours and doesn't seem to care much about how well students do. I loved his class and I think he's an awesome person, but I struggled a lot with his confusing instructions and disorganization.",0,0,0,0,0,0,0,0,0,0,0,0,0,0,0,0,0,0,0,0,0.5,0.5,0,0,0.033806015,0.00056028366,0.02122384,0.03436629866,0
258,1,2,3,"SOCI252","UNIVERSITY OF NORTH CAROLINA","YONG","CAI","It's clear that Professor Cai cares about his students and is very knowledgeable about research. However, he has difficulty explaining the concepts in a way for students to understand. His lectures confused me more than I was. The textbook is more of a workbook and explains no concepts. Be ready to teach yourself. No clear rubrics for anything.",0,0,0,0,0,0,0,0,0,0,0,0,0,0,0,0,0,0,0,0,0,0,0,0,0.030270588,0.00056505203,0.018129934,0.03083564003,0
943,11,5,3,"PSYC230","UNIVERSITY OF NORTH CAROLINA","NEIL","MULLIGAN","Dr. Mulligan makes the material much more interesting by giving us experiments corresponding to the cogntive concepts discussed in the textbook. The tests focus A LOT more on what we covered in class and knowing textbook concepts is definitely secondary. Overall he's a very nice, clear, and helpful prof but at 8am the lectures can get boring.",0,0,0,0,0,0,0,0,0,0,0,0,0,0,0,0,0,0,0,0,0,0,0,0,0.021667719,0.00051021576,0.01302291,0.02217793476,0
31,15,5,3,"ABNOR001","UNIVERSITY OF NORTH CAROLINA","JONATHAN","ABRAMOWITZ","Made abnormal psychology fun and interesting. He had great ""props"" and demonstrations to make classes very hands on.",0,0,0,0,0,0,0,0,0,0,0,0,0,0,0,0,0,0,0,0,0,0,0,0,0.15048122,0.0024795532,0.06921569,0.1529607732,0
555,15,5,3,"245","UNIVERSITY OF NORTH CAROLINA","DESIREE","GRIFFIN","She's a great teacher, but she does pronounce stimuli as ""stim-you-lee"". Since the word stimuli is brought up a decent bit in the class, if that procuration bothers you, then I would not recommend taking this course.",0,0,0,0,0,0,0,0,0,0,0,0,0,0,0,0,0,0,0,0,0,0,0,0,0.03781283,0.0011777878,0.0154929245,0.0389906178,0
727,9,3,4,"POLI252","UNIVERSITY OF NORTH CAROLINA","ROBERT","JENKINS","Professor Jenkins is a super nice guy and someone I think would be fun to talk to over coffee, but his lectures were incredibly boring. Especially online, it's important to make the material engaging and he hasn't done that so far. However, he's super knowledgeable and a great resource if you're interested in international politics.",0,0,0,0,0,0,0,0,0,0,0,0,0,0,0,0,0,0,0,0,0,0,0,0,0.032863233,0.0008773804,0.018710041,0.0337406134,0
80,8,4,2,"SOCI700","UNIVERSITY OF NORTH CAROLINA","KENNETH","ANDREWS","Andy gets hotness points for his beard.",0,0,0,0,0,0,0,0,0,0,0,0,0,0,0,0,0,0,0,0,0,0,0,0,0.25462922,0.0074386597,0.06250052,0.2620678797,0
1256,7,4,3,"PSYC222H","UNIVERSITY OF NORTH CAROLINA","TODD","THIELE","Great guy. Could get a little boring because of repeated topics and constant lectures, but in the end everything he talks about ends up being on the test so it's worth it. Three big exams and one journal, lots of mini quizzes. Easy A if you show up to class and study notes the night before test.",0,0,0,0,0,0,0,0,0,0,0,0,0,0,0,0,0,0,0,0,0,0,0,0,0.025320992,0.0007581711,0.013706914,0.0260791631,0
682,7,5,3,"POLI691H","UNIVERSITY OF NORTH CAROLINA","EVELYNE","HUBER","She gives good feedback and is clear with what she wants to be done. She's open to reworking stuff because she isn't giving feedback to be rude, but because she wants improvement and the best from her students. She's nice, too. She brought paper to class one day because we mainly use computers and it was so sweet i love her",0,0,0,0,0,0,0,0,0,0,0,0,0,0,0,0,0,0,0,0,0.5,0,0,0,0.027560094,0.0014209747,0.012414906,0.0289810687,0
1026,8,3,4,"PSYCH101","UNIVERSITY OF NORTH CAROLINA","DAVID","PENN","David Penn is a great guy, but for psych 101 you're probably better off taking another prof for psych 101. I even feel bad saying that because he's genuinely DT earth and cares about his students, but the tests are very lecture based and there were writing assignments that are graded pretty harshly. If you do take this class, write down EVERYTHING.",0,0,0,0,0,0,0,0,0,0,0,0,0,0,0,0,0,0,0,0,0,0,0,0,0.029917045,0.0009822845,0.015264924,0.0308993295,0
518,5,4,3,"PSYC531","UNIVERSITY OF NORTH CAROLINA","OSCAR","GONZALEZ","Dr. Gonzalez is really nice, but his lectures are quite boring. There are no tests, but there is a group project all semester. The assignments aren't too bad, but they are time consuming. For the final, there was a final paper and a group presentation, in which both he graded super easy.",0,0,0,0,0,0,0,0,0,0,0,0,0,0,0,0,0,0,0,0,0,0,0,0,0.049584184,0.000872612,0.02618698,0.050456796,0
1281,2,4,2,"POLI416","UNIVERSITY OF NORTH CAROLINA","ISAAC","UNAH","I love this man. While he is pretty disorganized, his tests are fair and he is very passionate about the subject matter. I am a super type A person and still felt that I learned a lot even with the disorganization. He is so funny and really cares about his students.",0,0,0,0,0,0,0,0,0,0,0,0,0,0,0,0,0,0,0,0,0,0,0,0,0.021549871,0.0012874603,0.0114649,0.0228373313,0
1142,16,3,4,"POLI100","UNIVERSITY OF NORTH CAROLINA","JASON","ROBERTS","While I really enjoyed Professor Roberts's lectures, his exams are unfair. Specifically, I would do all of the readings and feel as if I had a great grasp on the material, and then receive a 70 on the exams. You are basically graded off of two papers and 3 exams. If it wasn't for his trick questions on tests, I would be giving him 5/5 stars.",0,0,0,0,0,0,0,0,0,0,0,0,0,0,0,0,0,0,0,0,0,0,0,0,0.021667719,0.0005578995,0.012870909,0.0222256185,0
360,12,4,1,"POLI217","UNIVERSITY OF NORTH CAROLINA","PAMELA","CONOVER","Overall good professor and not too rough of a grader, as long as you do forum posts on time, you should be fine. Pretty much an easy A if you put in some work with the readings and the posts and show up and talk in class!",0,0,0,0,0,0,0,0,0,0,0,0,0,0,0,0,0,0,0,0,0,0,0,0,0.025556687,0.00062942505,0.014238917,0.02618611205,0
415,10,5,2,"SOCI123","UNIVERSITY OF NORTH CAROLINA","SCOTT","DUXBURY","Professor Duxbury is one of the best professors I have ever had. He is so intelligent and explains concepts clearly. I've learned so much in his class. He is also caring and will work with you if things come up. He is clearly more interested that we learn in his class rather than being a tough grader. Highly recommend taking his classes!",0,0,0,0,0,0,0,0,0,0,0,0,0,0,0,0,0,0,0,0,0,0,0,0,0.027913637,0.0009393692,0.016860934,0.0288530062,0
1211,12,4,3,"POLI272","UNIVERSITY OF NORTH CAROLINA","JEFF","SPINNER-HALEV","The only issue I had with this class is that it was my introduction to philosophical writing. Some test questions can be application based, but are not difficult as long as you make an attempt to understand the readings. He lowered the weight of our worst test and made the final open note. Don't get the hate for Jeff, just understand this is UNC.",0,0,0,0,0,0,0,0,0,0,0,0,0,0,0,0,0,0,0,0,0,0,0,0,0.05131592,0.0010442734,0.022448512,0.0523601934,0
